,After Tax ROE,Cash Ratio,Current Ratio,Gross Margin,Operating Margin,Pre-Tax Margin,Pre-Tax ROE,Profit Margin,Quick Ratio,Receivables Turnover,Inventory Turnover,Debt Ratio,Return on Assets,GICS Sector,performance
0,67.0,75.0,104.0,59.0,5.0,8.0,80.0,7.0,96.0,-287.55913978494624,10.888339920948617,1.064596243909362,-0.04337953545579261,Industrials,Outperformed
1,92.0,144.0,259.0,76.0,30.0,28.0,119.0,22.0,243.0,27.591776798825258,3.9834782608695654,0.8461538461538461,0.14137954654428386,Health Care,Outperformed
2,10.0,85.0,202.0,53.0,11.0,10.0,8.0,13.0,174.0,-173.95575221238937,3.4136650575566283,0.4139873815565851,0.05997252811212255,Health Care,Outperformed
3,7.0,48.0,182.0,4.0,2.0,2.0,10.0,1.0,109.0,303.3918918918919,7.509396031815401,0.538443956847687,0.030672883525324556,Consumer Staples,Outperformed
6,5.0,1.0,80.0,40.0,20.0,14.0,13.0,5.0,59.0,-97.3,6.634980988593156,0.6890029464879764,0.01401957988784336,Utilities,Outperformed
7,9.0,9.0,71.0,55.0,19.0,14.0,13.0,10.0,47.0,646.8777292576419,4.724033731553057,0.714875740064523,0.02630907221611657,Utilities,Outperformed
14,25.0,109.0,340.0,36.0,24.0,22.0,33.0,17.0,240.0,-36.32855885655327,3.540425502638465,0.5460381717570061,0.11525645664175684,Materials,Underperformed
15,25.0,84.0,112.0,54.0,16.0,16.0,40.0,10.0,108.0,-271.36842105263156,39.25,0.6524494689962316,0.08701610140459061,Industrials,Outperformed
17,11.0,260.0,375.0,89.0,34.0,34.0,22.0,16.0,358.0,-13.323250800848513,1.7305315685854077,0.2820080561932136,0.07622609184204943,Health Care,Outperformed
18,16.0,34.0,157.0,35.0,23.0,20.0,23.0,14.0,105.0,684.9887554793215,5.131174257145886,0.46645571838387234,0.08795638307681891,Industrials,Underperformed
20,23.0,244.0,344.0,82.0,31.0,28.0,24.0,27.0,306.0,-491.4736842105263,1.1083140112620073,0.6658449905482041,0.07683931947069943,Health Care,Outperformed
23,3.0,54.0,107.0,27.0,1.0,1.0,5.0,0.0,75.0,-88.00472813238771,7.310889218728916,0.7573146741701735,0.006822879055753381,Consumer Discretionary,Underperformed
24,18.0,2.0,102.0,16.0,4.0,3.0,29.0,2.0,27.0,-378.3498920086393,5.219899547255235,0.7394902768476517,0.0473711476984117,Consumer Discretionary,Outperformed
28,7.0,41.0,135.0,80.0,30.0,26.0,12.0,15.0,116.0,140.67619047619047,3.297418630751964,0.4581825851355517,0.03712056070217564,Energy,Underperformed
30,22.0,74.0,196.0,31.0,19.0,18.0,30.0,14.0,147.0,-124.38544474393531,3.991799142064093,0.5363975356679637,0.10306420233463034,Information Technology,Outperformed
31,22.0,24.0,114.0,16.0,6.0,8.0,17.0,10.0,70.0,-163.34751773049646,7.129759704251386,0.7036259862346819,-0.06393039001734654,Industrials,Outperformed
32,15.0,185.0,260.0,67.0,30.0,29.0,20.0,22.0,252.0,23.146464646464647,8.953216374269006,0.5274050813588352,0.07208107336568656,Information Technology,Neutral
34,8.0,4.0,46.0,55.0,33.0,21.0,13.0,13.0,44.0,-36.44303797468354,39.09259090771237,0.6855158839305727,0.024456291569896413,Utilities,Outperformed
36,31.0,30.0,126.0,15.0,8.0,7.0,42.0,5.0,43.0,-177.50614754098362,1.7074011931394482,0.8394720654414384,0.04948037512275666,Industrials,Underperformed
38,24.0,52.0,194.0,44.0,5.0,4.0,4.0,21.0,128.0,588.3125,1.5007144898542442,0.6644862036156042,0.07976530288614019,Health Care,Neutral
40,33.0,185.0,356.0,61.0,21.0,40.0,58.0,23.0,296.0,129.7659574468085,3.3531723750701854,0.5857650116046101,0.13683521453650987,Health Care,Outperformed
41,6.0,31.0,247.0,17.0,9.0,8.0,10.0,5.0,162.0,-49.36865342163355,4.7767765190525235,0.36589818858738454,0.039235340445335436,Energy,Underperformed
42,22.0,70.0,181.0,88.0,36.0,36.0,29.0,27.0,144.0,-62.45225225225225,1.3015115257441923,0.273371105174051,0.1569794665665262,Health Care,Outperformed
44,33.0,22.0,128.0,19.0,9.0,7.0,48.0,5.0,75.0,105.58728179551122,6.686181075561606,0.8434095442688353,0.05201779960104343,Materials,Outperformed
45,17.0,36.0,152.0,72.0,19.0,18.0,19.0,16.0,140.0,-32.50992063492063,3.083444592790387,0.607327943615257,0.066412728026534,Health Care,Neutral
46,2.0,12.0,165.0,70.0,2.0,3.0,3.0,2.0,116.0,-70.72277227722772,2.423634336677815,0.6053949671112184,-0.007301912980508116,Health Care,Neutral
47,18.0,58.0,172.0,21.0,11.0,11.0,23.0,8.0,144.0,-81.09705561613958,12.83366077275704,0.48523926557756253,0.09025589128234784,Consumer Discretionary,Underperformed
50,18.0,22.0,140.0,26.0,10.0,9.0,25.0,7.0,94.0,66.65389221556886,3.2834851485148513,0.7548647757255936,0.0446310780248775,Industrials,Underperformed
54,26.0,292.0,388.0,95.0,28.0,26.0,30.0,22.0,371.0,-64.04240631163708,1.0,0.582163519756021,0.10837780867381262,Health Care,Outperformed
55,30.0,225.0,318.0,46.0,44.0,40.0,44.0,28.0,284.0,13686.75,10.771053590958804,0.5246251673986945,0.1410644215731263,Materials,Outperformed
56,17.0,76.0,171.0,45.0,19.0,19.0,26.0,12.0,133.0,-102.38141025641026,7.011177644710579,0.4600793483109139,0.09258867995398737,Consumer Staples,Outperformed
62,97.0,21.0,108.0,59.0,20.0,20.0,155.0,13.0,77.0,-470.81081081081084,5.065964912280702,0.8351805505899178,0.1602431176260279,Consumer Staples,Neutral
65,21.0,290.0,334.0,27.0,17.0,17.0,35.0,10.0,328.0,-444.12696877590497,180.91245016865992,0.2344083452779105,0.16296285236502628,Consumer Discretionary,Outperformed
66,20.0,85.0,257.0,25.0,12.0,12.0,28.0,9.0,186.0,-116.89864864864865,5.468710625787485,0.4900869092884302,0.10069255839217817,Industrials,Underperformed
67,13.0,10.0,130.0,31.0,17.0,12.0,22.0,7.0,85.0,-54.71666666666667,5.178206583427923,0.799552135966927,0.026699586587046395,Utilities,Outperformed
69,7.0,32.0,88.0,29.0,12.0,10.0,18.0,4.0,79.0,-31.6640625,20.19298245614035,0.8020576131687243,0.014220393232738911,Utilities,Underperformed
71,13.0,13.0,93.0,77.0,32.0,28.0,22.0,16.0,89.0,-35.35118830721892,22.915101900618275,0.557404819838268,0.05616713644430525,Energy,Underperformed
72,12.0,24.0,233.0,65.0,19.0,20.0,13.0,19.0,127.0,28867.727272727272,1.6550276321341213,0.23355595852560562,0.09439794776398903,Health Care,Outperformed
74,14.0,64.0,292.0,41.0,13.0,12.0,23.0,7.0,249.0,-99.4277819408018,10.367056230244552,0.4934011899765097,0.0725882909551476,Industrials,Outperformed
77,10.0,50.0,107.0,83.0,13.0,13.0,12.0,12.0,106.0,-127.1593394623328,35.64152548380237,0.3630759006332967,0.06513944364515202,Information Technology,Underperformed
78,12.0,27.0,164.0,19.0,6.0,6.0,20.0,4.0,93.0,-57.357918552036196,9.323494794024445,0.469591477225065,0.06420043061264435,Consumer Staples,Outperformed
79,14.0,50.0,152.0,28.0,12.0,16.0,24.0,10.0,133.0,1203.0382513661202,24.972257053291536,0.4123695089319141,0.08442461763998849,Energy,Underperformed
81,15.0,13.0,85.0,39.0,25.0,21.0,23.0,13.0,68.0,-133.87755102040816,6.83078231292517,0.7676061961034814,0.033874960076652826,Utilities,Outperformed
82,91.0,31.0,68.0,45.0,9.0,7.0,22.0,28.0,61.0,419.7,19.72154280338664,0.7771759932634158,0.2017147668988747,Industrials,Outperformed
83,30.0,68.0,182.0,39.0,10.0,9.0,16.0,17.0,122.0,-29.71106557377049,2.1937329022631187,0.6848676673333463,0.09413775024757762,Materials,Neutral
84,34.0,23.0,204.0,32.0,16.0,15.0,53.0,9.0,181.0,-30.313923644529996,5.201390155429915,0.8275272885504853,0.05942914553277566,Industrials,Underperformed
87,22.0,17.0,122.0,39.0,21.0,19.0,34.0,12.0,114.0,-28.931174089068826,47.53846153846154,0.5587840858292356,0.0948815377738042,Health Care,Outperformed
88,12.0,69.0,201.0,51.0,17.0,19.0,15.0,15.0,162.0,-519.40625,5.013232408186151,0.35437324427062605,0.0777279780342753,Industrials,Neutral
90,42.0,36.0,148.0,18.0,11.0,10.0,50.0,8.0,120.0,-70.66197183098592,11.22964318389753,0.7364895446727618,0.10971304426541142,Consumer Discretionary,Outperformed
93,19.0,60.0,202.0,39.0,16.0,15.0,19.0,14.0,149.0,-81.4875521035009,6.118324756644313,0.5046240131785918,0.09241015879882611,Industrials,Underperformed
94,27.0,15.0,109.0,58.0,17.0,9.0,24.0,10.0,89.0,-272.59090909090907,12.495,0.7223509328130716,0.0760882819168394,Consumer Staples,Outperformed
95,6.0,18.0,122.0,40.0,21.0,17.0,9.0,12.0,84.0,-80.98220640569394,4.167692307692308,0.6399167095026094,0.023218533006908928,Utilities,Outperformed
96,14.0,39.0,141.0,30.0,13.0,10.0,25.0,5.0,137.0,-69.99327677094612,92.31886718090198,0.7407736777099455,0.03704605863882172,Health Care,Outperformed
99,13.0,10.0,135.0,46.0,12.0,10.0,18.0,7.0,97.0,-89.9145183175034,5.4173538089114155,0.6259873195325032,0.04928576884882744,Materials,Underperformed
100,9.0,21.0,82.0,42.0,18.0,12.0,13.0,9.0,75.0,2470.8,19.8099173553719,0.6987477550618741,0.026127389475238023,Utilities,Outperformed
102,31.0,16.0,193.0,30.0,20.0,18.0,44.0,12.0,107.0,-246.05263157894737,5.200949367088608,0.6795272266779232,0.09835373575348248,Materials,Underperformed
103,14.0,46.0,142.0,86.0,25.0,24.0,22.0,15.0,123.0,-613.5229746326177,3.669466399653451,0.4957042265452372,0.07186144753632126,Energy,Neutral
106,10.0,162.0,240.0,81.0,34.0,28.0,13.0,21.0,236.0,-41.48281940291847,18.038308913308914,0.5879528021345473,0.03988663051558238,Energy,Underperformed
107,8.0,1.0,64.0,45.0,21.0,17.0,13.0,11.0,54.0,-44.64230291839143,13.184382966233887,0.6542060691254139,0.028278172859189588,Utilities,Outperformed
110,11.0,35.0,178.0,30.0,10.0,9.0,11.0,8.0,129.0,-95.43722943722943,6.452141057934509,0.5248654588487223,0.05243582880166803,Industrials,Underperformed
111,8.0,18.0,97.0,33.0,12.0,8.0,10.0,6.0,69.0,-61.80151913843149,6.751893299073636,0.775921161571256,0.016830956397582055,Utilities,Outperformed
112,25.0,271.0,499.0,75.0,25.0,25.0,33.0,19.0,410.0,240.64705882352942,1.6723858853998057,0.43008967120557956,0.1435846341193402,Health Care,Outperformed
113,8.0,23.0,131.0,28.0,15.0,11.0,12.0,7.0,117.0,-187.12781954887217,16.2841628959276,0.7131650067564186,0.021633051398828887,Utilities,Outperformed
117,46.0,187.0,674.0,16.0,9.0,10.0,55.0,8.0,634.0,-76.79926816518557,15.963933575505967,0.870847120620836,0.05912087803382152,Consumer Discretionary,Underperformed
118,25.0,25.0,587.0,52.0,21.0,21.0,40.0,13.0,260.0,-64.46816428585274,2.0491347689231034,0.1460108566209201,0.21612846037930727,Industrials,Underperformed
120,9.0,33.0,180.0,35.0,9.0,8.0,12.0,6.0,122.0,-63.30940170940171,5.615528095127069,0.3658840142648572,0.05497714272037529,Industrials,Underperformed
121,13.0,42.0,209.0,30.0,26.0,24.0,24.0,13.0,104.0,426.9591836734694,2.9168991630131527,0.6701904746900257,0.042222677358877005,Materials,Underperformed
122,16.0,86.0,196.0,63.0,10.0,10.0,25.0,6.0,188.0,-98.19733924611974,35.99124726477024,0.4816933297583937,0.08091280126314535,Industrials,Outperformed
123,3.0,3.0,53.0,57.0,11.0,4.0,4.0,3.0,43.0,-130.6315789473684,8.58909574468085,0.7482944629541488,0.007774075836903062,Utilities,Outperformed
126,11.0,196.0,474.0,49.0,16.0,15.0,14.0,12.0,349.0,30.76422697368421,2.2028434754104067,0.31150967478734587,0.07553900191989363,Information Technology,Neutral
128,26.0,23.0,183.0,34.0,15.0,14.0,37.0,10.0,115.0,-92.05393604964421,3.0796798250162634,0.6286523426991266,0.09639780389391298,Industrials,Underperformed
129,19.0,6.0,148.0,38.0,17.0,16.0,33.0,9.0,114.0,-8.191261119832548,2.8033120278907613,0.7096959046454768,0.05613921149144254,Materials,Underperformed
131,8.0,111.0,239.0,26.0,11.0,12.0,8.0,11.0,214.0,5.798907015739464,6.2860977346760905,0.3458101704626511,0.0509505190817116,Information Technology,Underperformed
133,16.0,43.0,148.0,19.0,12.0,12.0,25.0,8.0,125.0,-138.69955156950672,8.720415224913495,0.5914520764072801,0.06640558967712853,Industrials,Outperformed
134,27.0,33.0,109.0,74.0,40.0,38.0,37.0,27.0,83.0,-35.56190476190476,1.684737772539776,0.4964347402453607,0.13618849373311484,Health Care,Outperformed
135,9.0,300.0,509.0,43.0,18.0,32.0,12.0,25.0,436.0,-269.62068965517244,3.5393700787401574,0.25690006320668585,0.06886017276494136,Information Technology,Outperformed
137,20.0,6.0,164.0,30.0,7.0,7.0,31.0,5.0,71.0,-121.27707615437629,3.346182189468439,0.5639395195263933,0.0891839208822263,Consumer Discretionary,Outperformed
138,19.0,97.0,172.0,64.0,15.0,14.0,29.0,9.0,171.0,-137.20969045969045,77.96644659491724,0.633259371992054,0.0691587606750087,Information Technology,Outperformed
139,39.0,60.0,172.0,21.0,7.0,4.0,51.0,3.0,116.0,247.34177215189874,5.4765625,0.9083699435157186,0.03588748787584869,Consumer Discretionary,Outperformed
140,25.0,36.0,255.0,44.0,14.0,14.0,40.0,8.0,145.0,-74.62743051437157,4.060661652062014,0.38278853880730557,0.15134568146913752,Industrials,Underperformed
141,16.0,47.0,273.0,15.0,11.0,9.0,20.0,7.0,207.0,-65.48329621380846,7.5434190620272314,0.535263319987681,0.07271669575334497,Energy,Underperformed
143,19.0,7.0,141.0,83.0,14.0,9.0,36.0,5.0,120.0,-7.777474402730375,5.0636132315521625,1.2868440220595887,0.05396968540806771,Health Care,Outperformed
146,20.0,28.0,131.0,67.0,24.0,39.0,19.0,42.0,117.0,-49.81171548117155,4.160377358490566,0.4218084857557188,0.11816438228002059,Energy,Underperformed
149,22.0,57.0,149.0,27.0,14.0,14.0,31.0,10.0,119.0,-107.0,6.607034707663638,0.6155606910971718,0.08636513700891384,Industrials,Neutral
150,19.0,27.0,111.0,23.0,6.0,6.0,24.0,5.0,97.0,110.74753451676528,14.2871319880913,0.7419565464249215,0.04838373897573716,Information Technology,Outperformed
152,7.0,25.0,150.0,34.0,16.0,13.0,43.0,2.0,99.0,65.53846153846153,5.0620607148198,0.6786596410340853,0.023258685987156264,Information Technology,Outperformed
154,51.0,79.0,177.0,46.0,19.0,18.0,78.0,11.0,130.0,-432.335833988747,5.86048630790201,0.7004502856562628,0.15314453340819428,Consumer Staples,Neutral
156,72.0,28.0,128.0,49.0,21.0,21.0,89.0,17.0,122.0,-69.91257995735607,21.507792207792207,0.8194306901277897,0.13058634321795554,Information Technology,Underperformed
157,36.0,58.0,136.0,55.0,19.0,19.0,51.0,14.0,109.0,-86.35758183870563,4.653780719044871,0.578887231047788,0.15261890133895048,Health Care,Outperformed
158,24.0,72.0,295.0,43.0,17.0,16.0,33.0,12.0,200.0,-55.55150876664911,3.1260251851796346,0.5596730348278417,0.10611420910031452,Materials,Outperformed
160,17.0,35.0,176.0,31.0,8.0,5.0,15.0,6.0,121.0,-175.2462686567164,5.763539823008849,0.7429269221009897,0.04424638416645522,Materials,Neutral
163,19.0,368.0,507.0,70.0,38.0,38.0,25.0,30.0,460.0,32.87518142235123,3.735523385300668,0.11363693896666076,0.16986051692276535,Health Care,Outperformed
164,17.0,60.0,163.0,39.0,18.0,17.0,24.0,12.0,142.0,-170.3012048192771,6.859663191659984,0.5137233296604227,0.0840929580286487,Industrials,Neutral
166,34.0,1.0,95.0,36.0,10.0,10.0,55.0,6.0,92.0,-54.47936746400281,136.0408793050899,0.6408985728898732,0.12143772229875534,Industrials,Neutral
172,9.0,10.0,64.0,48.0,28.0,24.0,26.0,8.0,57.0,-107.40458015267176,17.127906976744185,0.8258562213207422,0.015867526767307308,Energy,Neutral
173,14.0,98.0,338.0,13.0,7.0,6.0,23.0,4.0,116.0,-10.987363770663663,6.25798830290688,0.6946821198790284,0.04391763365539436,Consumer Discretionary,Outperformed
175,10.0,59.0,129.0,66.0,31.0,23.0,16.0,15.0,112.0,-164.53472222222223,6.638911788953009,0.5466820883879818,0.047260402937299946,Industrials,Underperformed
176,14.0,33.0,155.0,20.0,8.0,7.0,17.0,6.0,95.0,-261.4436090225564,5.58035894333535,0.5498214343167852,0.06425147196036164,Industrials,Outperformed
177,23.0,55.0,195.0,38.0,17.0,16.0,37.0,10.0,176.0,-86.04888888888888,26.264468864468864,0.6423577714293918,0.08237270130205716,Health Care,Outperformed
178,13.0,22.0,265.0,41.0,10.0,9.0,20.0,6.0,107.0,-113.3317215133199,2.7736853638787986,0.47978256934292357,0.06896184673099386,Consumer Discretionary,Underperformed
179,13.0,20.0,181.0,10.0,10.0,9.0,16.0,7.0,166.0,-713.75,28.150273224043715,0.5729992146783751,0.053616049118297995,Industrials,Outperformed
180,27.0,61.0,147.0,79.0,25.0,25.0,33.0,20.0,114.0,-151.36280288146693,1.6758057907675499,0.4995361531063557,0.13290702919540295,Health Care,Outperformed
181,61.0,24.0,120.0,9.0,10.0,9.0,84.0,7.0,93.0,59.13689700130378,13.829694323144105,0.8640985962197414,0.0823753730518404,Industrials,Outperformed
182,11.0,1.0,71.0,31.0,16.0,13.0,13.0,11.0,56.0,-21.81624500665779,10.728989612842303,0.6867103416003744,0.033854072927540405,Utilities,Outperformed
185,10.0,56.0,79.0,53.0,7.0,7.0,16.0,4.0,70.0,-1041.1176470588234,17.78800856531049,0.6207805634530886,0.03897647971051951,Industrials,Outperformed
187,31.0,81.0,265.0,14.0,12.0,11.0,40.0,9.0,169.0,-688.46875,7.186967228641788,0.5428969155249469,0.14129240237380028,Materials,Underperformed
192,52.0,73.0,206.0,29.0,9.0,6.0,69.0,4.0,160.0,-79.54117647058824,6.277124183006536,0.9196492741124048,0.04139715394566624,Industrials,Neutral
193,28.0,99.0,322.0,54.0,18.0,17.0,34.0,14.0,268.0,-132.881685176837,5.2844264586186345,0.495070210599187,0.14037212720117598,Consumer Discretionary,Underperformed
194,35.0,88.0,159.0,39.0,31.0,29.0,51.0,20.0,155.0,500.1014234875445,139.0703314470493,0.5628906004701539,0.1525106276091224,Consumer Discretionary,Underperformed
196,12.0,18.0,92.0,37.0,11.0,7.0,7.0,11.0,66.0,71.7459349593496,5.928132514026182,0.5535682272633248,0.053988829897262634,Consumer Staples,Underperformed
198,8.0,4.0,234.0,26.0,7.0,6.0,10.0,5.0,115.0,-76.30074860091577,3.4521775078307604,0.4748099786477254,0.04106177679132422,Consumer Discretionary,Neutral
199,234.0,59.0,119.0,64.0,24.0,22.0,317.0,16.0,89.0,-111.42440318302387,2.8580777860882574,0.9160070234017443,0.19682795544169712,Consumer Staples,Outperformed
200,8.0,20.0,359.0,17.0,10.0,8.0,11.0,6.0,194.0,-95.70443546596812,5.158531213019029,0.5282334087770328,0.03722192534202746,Materials,Neutral
202,27.0,45.0,170.0,48.0,22.0,21.0,37.0,15.0,118.0,-91.6053412462908,4.168219461697722,0.47833084947839044,0.13886736214605067,Industrials,Outperformed
203,34.0,194.0,374.0,52.0,26.0,25.0,57.0,15.0,304.0,-44.67569556311278,4.8476037372036,0.3014623631388467,0.23840820438307678,Consumer Staples,Outperformed
204,110.0,45.0,93.0,43.0,33.0,28.0,169.0,19.0,67.0,313.6666666666667,7.455561468866418,0.881838262715511,0.13009552769729482,Consumer Staples,Outperformed
205,14.0,209.0,390.0,28.0,22.0,22.0,16.0,19.0,302.0,-33.616784630940344,4.632312335452386,0.2576910317372553,0.10442883998673007,Materials,Underperformed
206,19.0,23.0,130.0,12.0,3.0,3.0,30.0,2.0,82.0,-106.55319148936171,18.71571763702282,0.6152897657213316,0.0744054958604897,Energy,Underperformed
207,9.0,98.0,200.0,61.0,14.0,13.0,11.0,10.0,165.0,100.99311926605505,2.7230966912945713,0.5289412655591841,0.04168678120119267,Health Care,Neutral
208,9.0,6.0,69.0,81.0,20.0,21.0,12.0,15.0,60.0,52.1889400921659,5.923076923076923,0.4569343065693431,0.049213924761370015,Energy,Underperformed
210,33.0,20.0,162.0,54.0,18.0,17.0,43.0,13.0,125.0,-82.04766339023969,5.213726272966627,0.5656615813962994,0.1421828774272245,Health Care,Outperformed
211,13.0,89.0,216.0,20.0,3.0,14.0,14.0,13.0,152.0,-22.183374083129586,2.7278218195545487,0.5218119050109844,0.0622450047076054,Information Technology,Outperformed
215,11.0,5.0,64.0,46.0,21.0,16.0,14.0,13.0,51.0,-56.47761194029851,7.070251517779705,0.7397050760395926,0.027530083975413386,Utilities,Outperformed
218,5.0,14.0,70.0,78.0,24.0,11.0,7.0,8.0,57.0,-29.951612903225808,2.521472392638037,0.6828666452097415,0.015770840038622464,Energy,Neutral
219,22.0,151.0,344.0,44.0,13.0,13.0,29.0,10.0,256.0,178.2605633802817,4.098450057405281,0.3684240524365916,0.1408948418352807,Consumer Discretionary,Outperformed
221,10.0,51.0,246.0,27.0,17.0,16.0,14.0,12.0,162.0,-23.157831325301206,2.5195431019096914,0.36142709410548085,0.06684476617258417,Energy,Underperformed
222,17.0,68.0,133.0,64.0,29.0,26.0,26.0,17.0,124.0,132.2941176470588,18.251121076233183,0.6524643659760491,0.05879998768586645,Industrials,Outperformed
223,11.0,182.0,220.0,59.0,10.0,9.0,12.0,8.0,216.0,274.12987012987014,18.43225806451613,0.5803831922009536,0.04494591902084964,Information Technology,Underperformed
225,6.0,77.0,327.0,7.0,5.0,4.0,10.0,3.0,194.0,-183.81311927756178,6.770555751073934,0.4970975019013985,0.03209997472256486,Materials,Underperformed
226,23.0,14.0,142.0,38.0,11.0,10.0,26.0,8.0,100.0,-295.10526315789474,5.08781414377557,0.6587145987445837,0.0781916733940722,Consumer Discretionary,Outperformed
228,11.0,5.0,88.0,14.0,7.0,6.0,32.0,2.0,81.0,-62.546449325374454,54.29088195617305,0.8682268408144731,0.015023153929483113,Energy,Underperformed
230,34.0,10.0,117.0,51.0,17.0,16.0,54.0,10.0,19.0,-392.5864674971955,1.3811246682697227,0.6759100726396722,0.11047783428555606,Consumer Discretionary,Outperformed
231,14.0,40.0,134.0,68.0,33.0,38.0,18.0,29.0,120.0,-27.001338688085674,5.414166666666667,0.37897268263179873,0.08500496810333655,Energy,Underperformed
234,70.0,42.0,127.0,56.0,14.0,10.0,187.0,4.0,123.0,20.766814374996578,15.935721181695309,0.9697054708397291,0.021089791557527653,Industrials,Neutral
235,18.0,99.0,169.0,17.0,8.0,10.0,26.0,7.0,142.0,-84.35949367088608,17.085422812192725,0.560536537116113,0.05651492123229838,Industrials,Neutral
236,6.0,8.0,80.0,25.0,11.0,7.0,8.0,5.0,74.0,-102.61842105263158,25.900881057268723,0.7375415879866919,0.014890747234960885,Utilities,Outperformed
239,29.0,139.0,241.0,81.0,29.0,30.0,21.0,43.0,214.0,54.87659574468085,1.5546545572494324,0.5566150109528707,0.1278493442803935,Health Care,Underperformed
243,110.0,13.0,99.0,26.0,17.0,16.0,161.0,11.0,41.0,-178.23830734966592,6.014828356693073,1.2034688744498008,0.2246908404946552,Consumer Staples,Underperformed
245,9.0,16.0,201.0,34.0,11.0,10.0,11.0,8.0,127.0,-65.84854186265287,3.8738180905363566,0.48095509780044793,0.04571117147650149,Industrials,Underperformed
246,10.0,1.0,64.0,42.0,24.0,19.0,16.0,12.0,48.0,-73.59354096544672,7.779584921643371,0.6894982976138464,0.030060214590819565,Utilities,Outperformed
247,66.0,42.0,174.0,42.0,10.0,9.0,25.0,23.0,130.0,-570.6,4.558114035087719,0.6890878144108933,0.2036815230410389,Materials,Outperformed
248,9.0,24.0,105.0,76.0,35.0,24.0,14.0,16.0,91.0,-27.202247191011235,2.494301994301994,0.7305173047406991,0.024427678938152574,Utilities,Outperformed
250,17.0,42.0,149.0,11.0,1.0,3.0,25.0,2.0,123.0,356.74844074844077,45.45348837209303,0.5592192457528414,0.07482228201935821,Energy,Underperformed
251,10.0,47.0,222.0,15.0,7.0,9.0,14.0,7.0,219.0,-57.31172232551487,170.17423220503812,0.269116358793733,0.07272418135259255,Industrials,Underperformed
252,27.0,5.0,109.0,43.0,22.0,21.0,37.0,15.0,90.0,-141.96428571428572,13.328063241106719,0.6737101950135769,0.08664527277215503,Materials,Underperformed
253,13.0,5.0,86.0,21.0,6.0,6.0,19.0,4.0,81.0,-449.781740470852,79.31014961585119,0.7916564785931824,0.02612881108093318,Industrials,Outperformed
254,12.0,5.0,94.0,21.0,5.0,5.0,19.0,3.0,88.0,-320.91526079180164,79.58307452239914,0.8153374457954022,0.022164639045623477,Industrials,Underperformed
255,5.0,9.0,22.0,33.0,10.0,6.0,5.0,6.0,19.0,83.43616943218625,35.07755679564148,0.5611872536703255,0.02359852790923027,Consumer Discretionary,Outperformed
256,21.0,232.0,601.0,93.0,35.0,33.0,36.0,20.0,578.0,-8.574277310650501,2.208190010518236,0.3385064721842974,0.1402020255417377,Health Care,Outperformed
259,13.0,71.0,214.0,58.0,26.0,23.0,18.0,17.0,182.0,179.4374376593151,6.6132156956515376,0.4852706438780982,0.06576594374501298,Industrials,Neutral
260,5.0,0.0,50.0,72.0,17.0,8.0,6.0,6.0,48.0,-86.37813501791439,41.45201188659546,0.6692117341815126,0.015854313814085762,Energy,Underperformed
262,10.0,9.0,99.0,34.0,20.0,15.0,15.0,10.0,73.0,-118.28947368421052,8.251381215469614,0.6924294381429702,0.031060406225270377,Utilities,Outperformed
264,12.0,5.0,52.0,51.0,30.0,29.0,19.0,19.0,45.0,-58.702127659574465,10.29277566539924,0.7466972832731936,0.03095458205349954,Energy,Underperformed
265,9.0,37.0,128.0,34.0,8.0,2.0,13.0,2.0,101.0,216.64225352112675,6.985620377978636,0.8458042720139495,0.013709677419354839,Materials,Outperformed
266,42.0,29.0,125.0,45.0,11.0,11.0,61.0,7.0,87.0,-245.59429026113375,5.736382317949352,0.7219689692467239,0.11790993727073076,Materials,Outperformed
267,11.0,43.0,267.0,34.0,15.0,14.0,16.0,9.0,109.0,177.64156626506025,4.093178212585934,0.4299253747868642,0.06025377001262207,Consumer Staples,Underperformed
270,9.0,12.0,102.0,43.0,19.0,15.0,13.0,10.0,60.0,-111.6797385620915,4.271975630983464,0.6879899606482198,0.026492733864220866,Utilities,Outperformed
274,9.0,21.0,91.0,32.0,16.0,13.0,13.0,10.0,85.0,38.67032967032967,25.038327526132406,0.7044356137901407,0.0270916120717431,Utilities,Outperformed
277,53.0,88.0,207.0,27.0,15.0,13.0,52.0,13.0,175.0,15.381564844587352,12.190866510538642,0.6218760142810775,0.19885318619495834,Information Technology,Outperformed
278,14.0,49.0,365.0,40.0,19.0,18.0,18.0,14.0,146.0,-71.87917737789203,1.1397123370923088,0.6255220539139315,0.0507717887956429,Consumer Staples,Outperformed
279,13.0,284.0,597.0,43.0,19.0,19.0,16.0,16.0,470.0,365.7142857142857,4.46797385620915,0.09943851528009943,0.11919763404911919,Information Technology,Outperformed
280,19.0,3.0,94.0,90.0,36.0,35.0,33.0,21.0,88.0,-39.19767441860465,8.631578947368421,0.5499502982107356,0.0874751491053678,Energy,Underperformed
281,11.0,150.0,314.0,67.0,14.0,13.0,13.0,11.0,260.0,-101.35955056179775,2.111111111111111,0.425331893539986,0.06390141650257257,Health Care,Outperformed
282,14.0,85.0,115.0,83.0,16.0,15.0,18.0,11.0,115.0,-64.54205607476635,48.958333333333336,0.6225530741659774,0.05204025365315688,Information Technology,Underperformed
284,7.0,20.0,71.0,39.0,19.0,16.0,8.0,13.0,62.0,59.74573863636363,12.39941548952752,0.4476800534014544,0.03641183304343361,Consumer Staples,Outperformed
285,20.0,90.0,201.0,55.0,20.0,19.0,27.0,14.0,194.0,-58.52173913043478,21.767857142857142,0.4001937984496124,0.12177002583979328,Information Technology,Underperformed
286,15.0,36.0,161.0,32.0,12.0,9.0,13.0,11.0,116.0,-175.23076923076923,4.392167990919409,0.5460700937110665,0.06911868262824332,Information Technology,Neutral
287,7.0,53.0,463.0,58.0,8.0,6.0,9.0,5.0,129.0,-173.7543103448276,0.7266889597606787,0.4275597488485173,0.03817058125546703,Consumer Discretionary,Underperformed
289,8.0,187.0,316.0,42.0,12.0,10.0,8.0,10.0,268.0,-88.50777552400271,5.0593509534961525,0.47098865783312516,0.03996120941268038,Health Care,Neutral
292,10.0,36.0,156.0,9.0,2.0,2.0,16.0,1.0,81.0,1044.4722222222222,13.28849902534113,0.6786914631413847,0.03077152886698036,Energy,Outperformed
294,20.0,139.0,292.0,52.0,23.0,23.0,25.0,18.0,229.0,762.8125,3.3743500866551126,0.4293484000422431,0.114162002323371,Information Technology,Outperformed
295,19.0,43.0,72.0,55.0,3.0,1.0,18.0,1.0,66.0,-269.57042253521126,25.77511244377811,0.9189394762577421,0.015511246332717592,Industrials,Outperformed
297,16.0,2.0,135.0,100.0,14.0,12.0,27.0,7.0,126.0,-148.22308280357288,0.0,0.6089885334244175,0.061447307616002124,Health Care,Outperformed
300,21.0,38.0,105.0,73.0,34.0,32.0,33.0,20.0,88.0,-264.6144578313253,8.957120980091883,0.5732038366411293,0.08823470270052884,Industrials,Outperformed
302,18.0,189.0,349.0,37.0,13.0,13.0,28.0,8.0,236.0,-958.1504970860473,6.244069813144672,0.24628326890943802,0.1320457086007152,Consumer Discretionary,Underperformed
303,18.0,20.0,129.0,29.0,15.0,14.0,24.0,10.0,84.0,-118.90756302521008,3.9175217812197483,0.6482548513146567,0.06314987747532949,Industrials,Underperformed
304,26.0,102.0,233.0,42.0,21.0,21.0,36.0,15.0,187.0,-67.96371908270017,3.1635598619640786,0.5058786659493484,0.12635181927268302,Health Care,Neutral
306,1.0,65.0,318.0,15.0,7.0,0.0,0.0,1.0,203.0,-65.56339327969711,6.801474727659994,0.5231822478433901,0.0029521222722502806,Materials,Neutral
310,33.0,368.0,399.0,89.0,50.0,52.0,46.0,37.0,396.0,22.71189775687274,9.208807521029193,0.4151008973105693,-0.1919017386928476,Health Care,Outperformed
312,30.0,200.0,262.0,63.0,27.0,24.0,75.0,10.0,259.0,-143.0011862396204,44.00686274509804,0.8583134499339652,0.04194485184131223,Telecommunications Services,Underperformed
313,26.0,370.0,524.0,59.0,27.0,26.0,28.0,24.0,475.0,-54.046433741094994,3.2267545304777596,0.5078549858218643,0.12560692162096607,Health Care,Neutral
314,12.0,108.0,191.0,28.0,8.0,8.0,15.0,6.0,161.0,26.285958904109588,9.24915824915825,0.43766030208036477,0.06982046166999145,Information Technology,Outperformed
315,14.0,2.0,104.0,34.0,24.0,20.0,21.0,13.0,82.0,-27.740945365254756,9.053126897389193,0.7113355992795916,0.03917559277966606,Utilities,Outperformed
317,17.0,20.0,103.0,18.0,7.0,5.0,19.0,4.0,68.0,-288.75384615384615,6.42483388704319,0.6761451363870303,0.053203808543489446,Consumer Discretionary,Outperformed
318,2.0,8.0,83.0,35.0,8.0,4.0,9.0,1.0,77.0,317.79545454545456,51.19101123595506,0.7475113922930584,0.004335707649427067,Industrials,Neutral
319,9.0,34.0,85.0,40.0,20.0,16.0,22.0,6.0,75.0,196.0,21.257731958762886,0.8207943408739223,0.015842605555964926,Energy,Outperformed
320,22.0,11.0,83.0,25.0,6.0,5.0,34.0,4.0,22.0,-763.2752442996742,8.04275962833596,0.624120528790527,0.08369562541542552,Consumer Staples,Neutral
322,8.0,74.0,206.0,21.0,9.0,4.0,5.0,8.0,158.0,-268.6666666666667,10.546125461254613,0.5338547026137065,0.03862248748027715,Real Estate,Neutral
323,27.0,11.0,108.0,52.0,18.0,14.0,42.0,9.0,89.0,-15.751572327044025,6.91907514450867,0.8333846627656298,0.04434862950415768,Consumer Discretionary,Outperformed
324,395.0,179.0,204.0,38.0,23.0,18.0,535.0,13.0,199.0,-377.87805042016805,46.54627436813444,1.0220253478858259,0.08698214044834505,Consumer Discretionary,Underperformed
325,14.0,1.0,69.0,80.0,45.0,45.0,22.0,28.0,59.0,-30.84364001234949,6.083358293895645,0.4454524836501733,0.0778544725832347,Energy,Underperformed
326,10.0,3.0,88.0,32.0,17.0,13.0,15.0,9.0,72.0,-82.20429589239181,12.849591874256337,0.7178809165762491,0.027965325655187098,Utilities,Outperformed
328,19.0,7.0,83.0,32.0,10.0,14.0,33.0,8.0,60.0,-1379.7901639344261,17.643693833281684,0.4982728195428018,0.09394246960854422,Energy,Underperformed
329,12.0,9.0,144.0,53.0,14.0,13.0,15.0,11.0,89.0,-90.79384615384615,3.1316196908511738,0.5007818950868316,0.06167725505494533,Health Care,Neutral
330,9.0,31.0,150.0,32.0,6.0,6.0,10.0,6.0,132.0,34.91448516579407,13.548096192384769,0.5763879322220692,0.03991596638655462,Information Technology,Neutral
331,10.0,62.0,236.0,39.0,9.0,8.0,13.0,6.0,180.0,-81.63829787234043,4.922105263157895,0.5422794117647058,0.04656862745098039,Industrials,Neutral
333,12.0,175.0,407.0,73.0,23.0,22.0,16.0,17.0,303.0,-62.226110363391655,1.178873894834807,0.3427029622361856,0.08145627622487109,Health Care,Outperformed
335,54.0,43.0,237.0,63.0,17.0,15.0,73.0,11.0,146.0,-46.07070707070707,1.2907965970610982,0.8566636169563892,0.0768526989935956,Health Care,Outperformed
336,143.0,60.0,88.0,63.0,10.0,8.0,159.0,7.0,80.0,-266.5625,15.557768924302788,0.9532446500867553,0.06667437825332562,Industrials,Underperformed
337,102.0,74.0,141.0,78.0,17.0,12.0,136.0,9.0,131.0,-116.04651162790698,3.9377224199288254,0.9366844764293243,0.06447861011158361,Health Care,Underperformed
338,14.0,10.0,97.0,2.0,1.0,1.0,34.0,0.0,48.0,-127.4335618350908,13.566298442188671,0.9091174824215454,0.01273581967977887,Health Care,Outperformed
339,11.0,43.0,130.0,54.0,13.0,12.0,12.0,11.0,104.0,-103.83076923076923,3.4877033673855466,0.47761302691290314,0.05542747591428641,Health Care,Neutral
340,11.0,42.0,167.0,6.0,3.0,4.0,16.0,3.0,107.0,191.06117647058824,8.153723063793471,0.5538332159010841,0.05109439279950906,Consumer Staples,Underperformed
343,9.0,0.0,75.0,41.0,21.0,16.0,14.0,10.0,52.0,195.25806451612902,6.843511450381679,0.6988200457624837,0.026560186639149354,Utilities,Underperformed
344,10.0,8.0,56.0,53.0,19.0,15.0,14.0,10.0,40.0,-271.61857379767827,5.83753607777609,0.7175193048571995,0.027508791729224817,Utilities,Neutral
351,10.0,218.0,294.0,32.0,11.0,9.0,16.0,5.0,262.0,67.51740702907153,4.6732205792483,0.73972081347046,0.02552429082865109,Materials,Underperformed
352,28.0,73.0,98.0,57.0,18.0,18.0,46.0,11.0,95.0,-48.8,40.08620689655172,0.6492414248021108,0.09976912928759894,Industrials,Outperformed
354,3650.0,55.0,188.0,40.0,15.0,13.0,5581.0,8.0,156.0,-264.7875,7.4695806261075015,1.0023810704896077,0.0869090728706781,Industrials,Outperformed
355,20.0,323.0,461.0,92.0,39.0,39.0,26.0,29.0,432.0,-79.78571428571429,0.9861653470565231,0.21417233187734683,0.1563555310590624,Health Care,Neutral
356,18.0,40.0,169.0,35.0,22.0,20.0,25.0,15.0,116.0,-114.0723807362868,5.237019455692322,0.49547116219171483,0.09102372961812738,Industrials,Neutral
358,20.0,386.0,495.0,78.0,31.0,28.0,22.0,26.0,458.0,147.52205882352942,1.6705704571212694,0.6264545204248722,0.07474387398745092,Health Care,Neutral
361,2.0,62.0,112.0,29.0,0.0,0.0,1.0,0.0,82.0,-85.64773820981713,7.561392938908302,0.8029355105036236,-0.004421612696082928,Consumer Discretionary,Outperformed
362,20.0,2.0,103.0,16.0,4.0,4.0,33.0,2.0,28.0,-237.96762141967622,5.560572611245257,0.7533126183077967,0.04984701834589331,Consumer Discretionary,Neutral
364,20.0,21.0,175.0,80.0,21.0,22.0,11.0,40.0,156.0,16.764861294583884,3.5466101694915255,0.5364419502430655,-0.09043465827852445,Energy,Underperformed
366,13.0,11.0,111.0,27.0,13.0,13.0,19.0,9.0,87.0,-292.40896358543415,10.807223796033995,0.5857045632231103,0.05577897643862738,Materials,Neutral
367,24.0,127.0,330.0,32.0,19.0,18.0,33.0,13.0,247.0,-47.94170403587444,4.218692236598891,0.583818835082094,0.10150445898166306,Information Technology,Neutral
368,2.0,34.0,144.0,20.0,4.0,2.0,4.0,1.0,87.0,-76.62179487179488,6.209279688513952,0.6706367261729519,0.007172871557423119,Industrials,Underperformed
369,12.0,179.0,241.0,65.0,27.0,22.0,14.0,19.0,236.0,-24.903954802259886,12.398373983739837,0.5060101079087557,0.05702772845239722,Information Technology,Outperformed
371,9.0,3.0,46.0,55.0,33.0,24.0,14.0,14.0,43.0,-48.564516129032256,36.486486486486484,0.6926050629754333,0.026374859708193043,Utilities,Outperformed
373,63.0,27.0,140.0,15.0,8.0,8.0,82.0,6.0,44.0,-121.016,1.6415433313371546,0.9067487435563544,0.058608925861753536,Industrials,Outperformed
375,31.0,48.0,168.0,43.0,6.0,5.0,6.0,23.0,142.0,-115.25806451612904,3.8922003804692453,0.6893411890733797,0.09553141020736093,Health Care,Neutral
377,16.0,164.0,333.0,62.0,24.0,13.0,25.0,9.0,272.0,156.03755868544602,3.3455608718766614,0.6455837882417625,0.05782900679417194,Health Care,Outperformed
378,23.0,123.0,274.0,51.0,19.0,18.0,30.0,14.0,207.0,-1206.5714285714287,2.7725752508361206,0.5941190648349,0.09520366353338154,Health Care,Outperformed
379,9.0,38.0,260.0,20.0,12.0,11.0,14.0,7.0,172.0,-46.853053435114504,4.846833578792341,0.3539043258056683,0.059631595379331874,Energy,Underperformed
380,27.0,83.0,204.0,88.0,41.0,41.0,37.0,30.0,168.0,-17.866507088933897,1.4564676616915422,0.24490209365198012,0.20502001439080106,Health Care,Underperformed
382,45.0,10.0,115.0,19.0,10.0,8.0,62.0,5.0,65.0,-56.270518713066316,6.790105242451067,0.8635451063267732,0.06207898560295866,Materials,Outperformed
383,13.0,88.0,173.0,75.0,16.0,15.0,16.0,13.0,154.0,-63.01190476190476,2.5205128205128204,0.5599277015615277,0.05937953717147175,Health Care,Outperformed
384,2.0,21.0,127.0,70.0,4.0,7.0,8.0,2.0,93.0,139.24528301886792,2.33615221987315,0.6207119360902256,-0.0069901315789473685,Health Care,Outperformed
385,18.0,37.0,137.0,21.0,12.0,11.0,26.0,8.0,114.0,-33.39404905508645,12.949772592446115,0.4996956281128943,0.09073049252905369,Consumer Discretionary,Underperformed
388,15.0,26.0,139.0,25.0,6.0,6.0,19.0,4.0,96.0,338.55214723926383,3.387300286767718,0.8022460764516244,0.02895572796731262,Industrials,Underperformed
392,31.0,357.0,460.0,95.0,33.0,30.0,36.0,26.0,441.0,-46.12387251954299,0.9816840498600865,0.6237161262045778,0.11533382160425834,Health Care,Outperformed
393,52.0,213.0,258.0,37.0,50.0,62.0,70.0,46.0,238.0,131.3905817174515,14.61163134549039,0.6259440919834373,0.19401645607861953,Materials,Underperformed
394,20.0,47.0,112.0,44.0,19.0,19.0,30.0,13.0,85.0,-1832.0,7.501830012200081,0.5178243714443017,0.09494861442466508,Consumer Staples,Outperformed
400,190.0,28.0,123.0,59.0,21.0,20.0,309.0,13.0,88.0,-158.5045871559633,5.186685962373372,0.9149268147707853,0.16197340069841742,Consumer Staples,Neutral
403,22.0,309.0,350.0,27.0,17.0,17.0,35.0,11.0,344.0,-374.6369688126938,195.0504174276024,0.2037528335384916,0.17622403521204502,Consumer Discretionary,Underperformed
404,21.0,60.0,225.0,25.0,12.0,13.0,31.0,9.0,154.0,-215.96629213483146,5.0104675505931615,0.5084369449378331,0.10473230144633341,Industrials,Underperformed
405,13.0,13.0,133.0,29.0,16.0,10.0,20.0,7.0,86.0,-231.58064516129033,5.544662309368192,0.8067761271826949,0.025645035183737296,Utilities,Neutral
407,13.0,44.0,117.0,25.0,10.0,10.0,19.0,7.0,103.0,236.56410256410257,18.179419525065963,0.8039655172413793,0.026336206896551723,Utilities,Underperformed
409,5.0,4.0,83.0,76.0,5.0,1.0,2.0,5.0,80.0,-185.90221575840533,37.421930700128335,0.6059498142234717,0.019211742577214405,Energy,Underperformed
410,32.0,15.0,146.0,30.0,18.0,18.0,47.0,12.0,68.0,74.31343283582089,2.0298420128730252,0.7332578224550474,0.08551606965878522,Industrials,Neutral
411,11.0,6.0,179.0,64.0,18.0,17.0,12.0,16.0,93.0,-332.4513257209212,1.6415430671552975,0.4235796282921446,0.060528358088436506,Health Care,Underperformed
415,12.0,50.0,106.0,80.0,10.0,9.0,13.0,8.0,105.0,-101.50687940055552,49.157406673535704,0.6056527141565676,0.045668120523069004,Information Technology,Outperformed
416,12.0,13.0,137.0,18.0,6.0,6.0,20.0,3.0,74.0,189.10040705563094,9.555741827326068,0.48834701497566957,0.06259856848234865,Consumer Staples,Neutral
417,12.0,41.0,132.0,28.0,10.0,16.0,20.0,10.0,112.0,-22277.11111111111,22.28378170637971,0.4172449309465992,0.07232751685925436,Energy,Underperformed
419,11.0,8.0,78.0,37.0,22.0,14.0,15.0,11.0,58.0,94.93129770992367,5.589361702127659,0.7873064958492094,0.024113240193642204,Utilities,Underperformed
420,7.0,26.0,54.0,43.0,5.0,3.0,12.0,2.0,49.0,-133.64900662251657,26.956572769953052,0.8368114063512637,0.012202573835755948,Industrials,Neutral
421,27.0,51.0,189.0,40.0,14.0,15.0,32.0,13.0,140.0,-322.79545454545456,2.5081773979667012,0.7361853832442068,0.07179639532580709,Materials,Neutral
422,35.0,23.0,215.0,31.0,15.0,13.0,53.0,9.0,196.0,-40.12337301145845,5.885407511224078,0.8522476050110538,0.05154687917778024,Industrials,Underperformed
425,13.0,11.0,94.0,38.0,13.0,11.0,19.0,7.0,87.0,-23.830128205128204,42.154545454545456,0.5636603429035203,0.056406614588617225,Health Care,Outperformed
427,11.0,56.0,175.0,52.0,17.0,18.0,15.0,14.0,142.0,-168.90652557319223,5.194862014808167,0.3680176904548858,0.07024278419212959,Industrials,Outperformed
429,54.0,22.0,134.0,20.0,11.0,10.0,64.0,9.0,108.0,231.32835820895522,12.31095755182626,0.7658800485029381,0.12601436433168547,Consumer Discretionary,Outperformed
432,21.0,33.0,139.0,38.0,16.0,14.0,30.0,10.0,97.0,-88.90029470111344,5.532331022058798,0.590187625182843,0.08584828550929312,Industrials,Underperformed
433,31.0,23.0,117.0,59.0,19.0,18.0,47.0,11.0,97.0,-1224.2,12.21078431372549,0.7224440411373261,0.08505747126436781,Consumer Staples,Outperformed
434,5.0,18.0,103.0,40.0,22.0,17.0,10.0,8.0,72.0,412.5,4.140792136455623,0.6609487628258832,0.015619167696608243,Utilities,Underperformed
435,14.0,62.0,174.0,29.0,14.0,10.0,25.0,6.0,168.0,-125.0132486565706,67.0123232709209,0.7065115392527129,0.04104536915482347,Health Care,Underperformed
438,16.0,5.0,111.0,46.0,14.0,12.0,23.0,8.0,78.0,-81.41676168757127,5.234917172268048,0.6234236181887437,0.061912556492376744,Materials,Outperformed
439,9.0,19.0,99.0,40.0,17.0,13.0,13.0,8.0,89.0,35.88611111111111,20.986559139784948,0.7146422817725943,0.024778198815547638,Utilities,Neutral
441,16.0,2.0,65.0,35.0,18.0,15.0,18.0,13.0,60.0,209.578125,31.110320284697508,0.779627618932722,0.03460409377890377,Utilities,Underperformed
442,21.0,11.0,157.0,23.0,12.0,10.0,28.0,8.0,82.0,501.42105263157896,4.841616964877402,0.7816077650572424,0.046727227476356395,Materials,Underperformed
443,22.0,37.0,129.0,44.0,19.0,18.0,32.0,12.0,104.0,108.79141104294479,4.847350510452115,0.5814617198163544,0.09033378831120487,Industrials,Underperformed
444,16.0,62.0,160.0,86.0,29.0,28.0,28.0,16.0,139.0,212.22541244028147,3.5867531280206397,0.4904714356516802,0.08386828670637572,Energy,Underperformed
448,8.0,1.0,86.0,43.0,21.0,17.0,13.0,11.0,75.0,-63.38561802536454,12.724040793447424,0.6645364769463155,0.027556668983493727,Utilities,Neutral
450,11.0,19.0,151.0,31.0,8.0,8.0,11.0,8.0,106.0,-110.00975609756098,6.443986820428336,0.5276029705627964,0.05347609532046885,Industrials,Underperformed
451,10.0,37.0,114.0,35.0,16.0,12.0,15.0,8.0,85.0,101.16853432221916,7.229587960335155,0.7823582114666648,0.020688748796037788,Utilities,Underperformed
452,37.0,338.0,524.0,73.0,50.0,49.0,52.0,35.0,454.0,-86.67537313432835,2.1078167115902966,0.3779733181947204,0.23022991768379222,Health Care,Outperformed
453,7.0,25.0,135.0,21.0,11.0,9.0,11.0,6.0,117.0,-97.96071428571429,13.456643792888334,0.7361483984447325,0.01854980559155712,Utilities,Underperformed
457,5.0,155.0,658.0,8.0,0.0,1.0,5.0,1.0,619.0,-49.750345303867405,16.76022871664549,0.8828559787167749,0.005900822088536299,Consumer Discretionary,Underperformed
458,26.0,31.0,422.0,51.0,21.0,21.0,41.0,13.0,190.0,-58.871408748304894,2.112349635997165,0.1881584602954853,0.2094652965408024,Industrials,Underperformed
460,7.0,27.0,186.0,34.0,10.0,10.0,17.0,4.0,120.0,-100.59147869674186,5.726308957161402,0.4424979644205384,0.03900910459177379,Industrials,Outperformed
461,3.0,9.0,175.0,9.0,0.0,1.0,1.0,3.0,71.0,99.71162790697674,3.638127215071815,0.6883287316358182,-0.009390871595596005,Materials,Underperformed
462,23.0,101.0,157.0,82.0,28.0,29.0,36.0,18.0,153.0,-42.35349064677833,12.666380613787748,0.3732991601638481,0.1424211080345088,Information Technology,Neutral
465,12.0,172.0,420.0,49.0,17.0,16.0,16.0,13.0,316.0,-19.955074636594745,2.4337767658021554,0.31478931482464434,0.08524243916620661,Information Technology,Underperformed
467,27.0,31.0,190.0,35.0,16.0,15.0,38.0,11.0,122.0,-61.237649865043,3.177362781297837,0.6112008405763262,0.10443275188103107,Industrials,Underperformed
468,20.0,6.0,154.0,37.0,13.0,11.0,24.0,9.0,122.0,-11.862759373862396,3.370309414088216,0.7126361246714232,0.05773563650018776,Materials,Underperformed
470,8.0,199.0,308.0,24.0,12.0,13.0,9.0,12.0,257.0,7.330235825605776,5.080789882159149,0.25732871833930443,0.05891452614651619,Information Technology,Outperformed
472,21.0,32.0,127.0,19.0,13.0,12.0,32.0,8.0,103.0,93.49090909090908,7.755045017075442,0.6652517191612192,0.07168124062597278,Industrials,Neutral
473,78.0,176.0,307.0,85.0,61.0,60.0,96.0,49.0,283.0,-9.65477114041893,2.733044733044733,0.5549849988460651,0.34909416108931457,Health Care,Outperformed
474,11.0,261.0,441.0,42.0,20.0,37.0,17.0,25.0,384.0,-607.1875,4.283661119515885,0.2822073645344776,0.08222732262249277,Information Technology,Underperformed
476,22.0,4.0,156.0,30.0,7.0,7.0,34.0,5.0,71.0,-68.13119842968673,3.5310192887424074,0.5996661750485495,0.08625581750126543,Consumer Discretionary,Underperformed
477,68.0,46.0,151.0,23.0,8.0,4.0,19.0,14.0,95.0,241.84,5.206289779108948,0.7999334958989137,0.13589004655287076,Consumer Discretionary,Outperformed
478,25.0,18.0,235.0,43.0,14.0,13.0,42.0,8.0,128.0,-81.29346549192364,4.165974390959573,0.39242055108707113,0.15175498088319833,Industrials,Underperformed
479,22.0,39.0,250.0,17.0,16.0,14.0,29.0,11.0,189.0,-23.801593048515567,7.654438532623915,0.49426395150007774,0.1088139281828074,Energy,Underperformed
481,24.0,10.0,163.0,83.0,15.0,9.0,44.0,5.0,140.0,-10.128395061728394,4.896012509773261,1.2548095545513234,0.0605229180116204,Health Care,Underperformed
484,10.0,50.0,130.0,65.0,19.0,23.0,11.0,22.0,119.0,-53.95477386934673,7.121442125237191,0.42185018356028847,0.060327544458041504,Energy,Underperformed
487,24.0,62.0,150.0,28.0,14.0,14.0,33.0,11.0,120.0,-234.3372093023256,6.57366628830874,0.6115156982244615,0.09326527469142593,Industrials,Neutral
488,14.0,71.0,252.0,46.0,28.0,29.0,22.0,19.0,231.0,-52.74018564251043,18.88832936436969,0.2722841161387044,0.10512769085781605,Energy,Underperformed
489,19.0,35.0,115.0,20.0,8.0,7.0,14.0,9.0,100.0,23.246204349610178,7.081995323460639,0.7409937406739918,0.04857275739782571,Information Technology,Underperformed
491,29.0,50.0,179.0,34.0,18.0,16.0,44.0,11.0,123.0,43.206896551724135,5.347334410339257,0.6289896320390324,0.10876194348444806,Information Technology,Neutral
493,58.0,24.0,116.0,45.0,19.0,18.0,90.0,11.0,75.0,-110.01079094035337,5.100397485256592,0.7412243213874765,0.15061916779153706,Consumer Staples,Underperformed
495,101.0,21.0,120.0,50.0,20.0,22.0,168.0,13.0,114.0,73.06535433070866,22.057061340941512,0.8987985094354103,0.10251468820083397,Information Technology,Underperformed
496,155.0,39.0,93.0,55.0,18.0,17.0,210.0,12.0,73.0,-409.7647545504688,4.176641179478864,0.9151025385580667,0.13141493601770252,Health Care,Neutral
497,27.0,92.0,330.0,44.0,19.0,18.0,36.0,13.0,220.0,-1172.1187855787475,3.035510761716037,0.564276355003876,0.11862316399975849,Materials,Outperformed
499,11.0,38.0,162.0,31.0,6.0,4.0,17.0,2.0,113.0,-243.4742268041237,6.705445544554456,0.8216775902942407,0.019348765862501744,Materials,Underperformed
502,12.0,246.0,362.0,66.0,26.0,26.0,16.0,20.0,325.0,-155.5985401459854,3.951018161805173,0.14648684144062232,0.10577360206091832,Health Care,Neutral
503,43.0,113.0,223.0,40.0,20.0,19.0,40.0,20.0,190.0,-206.9142857142857,7.35,0.6092756942456341,0.16868021757801316,Industrials,Neutral
505,31.0,1.0,112.0,37.0,10.0,10.0,50.0,6.0,108.0,-72.29983817252216,140.53363374188896,0.6434725495384619,0.11093489805788746,Industrials,Underperformed
511,3.0,5.0,59.0,48.0,27.0,19.0,9.0,6.0,52.0,-193.16666666666666,18.37690631808279,0.5896880155089165,0.012354152367879203,Energy,Underperformed
512,15.0,101.0,302.0,13.0,7.0,6.0,24.0,4.0,114.0,-9.58330970715736,6.6561704958621295,0.7166692989596022,0.04207562946324202,Consumer Discretionary,Outperformed
514,13.0,39.0,80.0,66.0,31.0,28.0,19.0,20.0,68.0,149.83139534883722,7.909009009009009,0.5291735620079234,0.06301088210220149,Industrials,Underperformed
515,9.0,34.0,144.0,21.0,9.0,8.0,26.0,3.0,96.0,-38.71340839303992,6.214997922725384,0.6322677195440362,0.03222314207476278,Industrials,Neutral
516,18.0,59.0,173.0,37.0,15.0,14.0,29.0,9.0,159.0,-193.2990353697749,27.301075268817204,0.6137253827823277,0.07001013448738667,Health Care,Outperformed
517,14.0,15.0,300.0,39.0,10.0,9.0,22.0,6.0,108.0,-109.17028134566482,2.8511765899708963,0.5031434113276765,0.06967443115897233,Consumer Discretionary,Outperformed
518,13.0,17.0,215.0,9.0,9.0,8.0,16.0,6.0,204.0,281.6923076923077,34.63194444444444,0.6146554866934014,0.04841414509660955,Industrials,Neutral
519,16.0,50.0,122.0,75.0,15.0,15.0,20.0,12.0,94.0,167.08347529812607,1.8001824817518248,0.5761741343410195,0.06584020976324516,Health Care,Outperformed
520,106.0,13.0,111.0,12.0,13.0,12.0,138.0,9.0,86.0,1426.642857142857,12.575962910128387,0.9082222102251255,0.0975543918371754,Industrials,Outperformed
521,11.0,5.0,86.0,31.0,16.0,13.0,12.0,12.0,67.0,80.34292565947243,10.355227882037534,0.6983711194926845,0.03260247855100095,Utilities,Neutral
524,17.0,50.0,66.0,59.0,12.0,10.0,27.0,6.0,61.0,344.537037037037,22.44736842105263,0.6564924200172387,0.057597728540282916,Industrials,Neutral
526,50.0,48.0,214.0,15.0,13.0,13.0,69.0,9.0,131.0,127.39664804469274,8.62054460925393,0.6567441476404773,0.17232979645761942,Materials,Outperformed
531,93.0,62.0,164.0,29.0,10.0,7.0,55.0,12.0,132.0,-86.49382716049382,6.946629213483146,0.8718091009988901,0.11875693673695893,Industrials,Outperformed
532,17.0,89.0,293.0,50.0,11.0,10.0,20.0,8.0,241.0,66.72004208894057,5.380988153198459,0.5612796104958909,0.07421530224042519,Consumer Discretionary,Underperformed
533,37.0,76.0,152.0,38.0,29.0,27.0,57.0,17.0,148.0,1016.3444444444444,154.41454545454545,0.6244704534963217,0.13900559201107884,Consumer Discretionary,Outperformed
535,8.0,12.0,84.0,37.0,9.0,7.0,9.0,6.0,59.0,186.1086956521739,6.2204022988505745,0.5844004133531024,0.032708810711236914,Consumer Staples,Outperformed
537,12.0,5.0,153.0,28.0,10.0,9.0,15.0,7.0,74.0,-72.45203101063089,3.6604719846201,0.46678142074919887,0.06420399191652353,Consumer Discretionary,Outperformed
538,125.0,108.0,193.0,61.0,22.0,21.0,162.0,16.0,147.0,-120.8027397260274,3.0613861386138614,0.8474148466974866,0.1912428928210851,Consumer Staples,Underperformed
539,4.0,27.0,263.0,18.0,11.0,8.0,6.0,5.0,141.0,-177.65471471471471,5.022675952066221,0.3973248950033478,0.021552119365839888,Materials,Outperformed
541,38.0,56.0,206.0,48.0,22.0,22.0,54.0,16.0,144.0,-118.73507462686567,4.437938478143551,0.5799609087122305,0.15880034605402288,Industrials,Underperformed
542,32.0,324.0,465.0,54.0,30.0,30.0,49.0,20.0,416.0,-253.84830072090628,6.444622020587376,0.21854168009799496,0.24920894848816968,Consumer Staples,Outperformed
543,168.0,43.0,90.0,41.0,31.0,32.0,258.0,21.0,63.0,-3065.25,7.040196078431372,0.9125743292240754,0.14706308919506889,Consumer Staples,Outperformed
544,10.0,149.0,327.0,21.0,14.0,13.0,11.0,11.0,219.0,-39.981456953642386,4.148984461386254,0.4145873215555434,0.056259913580922166,Materials,Underperformed
545,23.0,17.0,132.0,14.0,4.0,4.0,36.0,3.0,66.0,59.57186358099878,14.937079049982275,0.6466392769104355,0.0829580936729663,Energy,Outperformed
546,25.0,85.0,177.0,60.0,13.0,41.0,36.0,28.0,147.0,-76.24007220216606,3.0098725542990485,0.5044465044261309,0.12142573369869712,Health Care,Underperformed
547,14.0,55.0,105.0,79.0,11.0,13.0,6.0,28.0,97.0,91.14285714285714,6.291316526610644,0.4158352555373371,0.08465108523469417,Energy,Underperformed
549,47.0,13.0,125.0,55.0,19.0,18.0,62.0,14.0,95.0,331.8183395621997,5.511306354537943,0.6418339463742653,0.16835364912822096,Health Care,Outperformed
550,28.0,95.0,214.0,33.0,19.0,17.0,25.0,19.0,163.0,-31.57915057915058,4.44847250509165,0.5199857244825125,0.1358404710920771,Information Technology,Underperformed
552,29.0,4.0,121.0,46.0,18.0,13.0,30.0,12.0,90.0,-8.220210840166116,2.5382100036332806,0.7941974021048639,0.05874656300369773,Health Care,Neutral
555,12.0,6.0,72.0,49.0,26.0,21.0,18.0,14.0,58.0,-2431.5714285714284,6.773219814241486,0.7330473828831848,0.033040680919509416,Utilities,Neutral
558,23.0,1.0,85.0,79.0,25.0,45.0,27.0,39.0,82.0,48.680851063829785,14.696969696969697,0.5936325678496869,0.09394572025052192,Energy,Outperformed
560,12.0,48.0,219.0,27.0,17.0,16.0,17.0,12.0,148.0,-51.66265060240964,2.959856087862147,0.3834693999165723,0.07454859662713784,Energy,Underperformed
561,16.0,55.0,156.0,64.0,31.0,27.0,25.0,17.0,143.0,-374.96774193548384,17.800847457627118,0.6262650602409638,0.060240963855421686,Industrials,Underperformed
562,17.0,186.0,240.0,62.0,12.0,12.0,20.0,10.0,236.0,-110.96491228070175,19.65686274509804,0.5890403525147062,0.06924396014673642,Information Technology,Neutral
564,9.0,54.0,307.0,9.0,6.0,6.0,15.0,3.0,176.0,-117.78671287692333,6.993949433012074,0.5022729038116021,0.04571909179647164,Materials,Underperformed
565,20.0,11.0,121.0,38.0,11.0,8.0,25.0,7.0,84.0,-40.6458481192335,4.973323923782639,0.7179592645064973,0.057553737641485005,Consumer Discretionary,Outperformed
567,53.0,7.0,55.0,17.0,9.0,7.0,138.0,3.0,47.0,31.965073274043085,53.1068448730569,0.9612027383712233,0.020581291570776213,Energy,Underperformed
569,39.0,9.0,109.0,51.0,18.0,17.0,61.0,11.0,18.0,-374.4528566239427,1.3727865588899906,0.6909993335969552,0.11913228904164261,Consumer Discretionary,Outperformed
570,2.0,95.0,168.0,65.0,7.0,6.0,4.0,3.0,156.0,13.667374380750177,6.466730038022813,0.3786060896923159,0.011198208286674132,Energy,Underperformed
572,432.0,48.0,119.0,56.0,15.0,11.0,558.0,9.0,116.0,23.200845101205726,19.814339773892748,0.9881134550476314,0.05134927724378748,Industrials,Underperformed
573,20.0,99.0,174.0,16.0,9.0,11.0,30.0,7.0,144.0,-60.94837224597172,16.72420870692449,0.5438725823035289,0.06590102236793606,Industrials,Underperformed
574,9.0,8.0,108.0,29.0,14.0,11.0,11.0,8.0,100.0,1314.6153846153845,25.644957983193276,0.7338965855605635,0.024115621933573934,Utilities,Neutral
577,13.0,167.0,258.0,81.0,27.0,25.0,17.0,18.0,231.0,335.1689189189189,1.6911530990641004,0.5744900516811287,0.054515832567465956,Health Care,Neutral
581,59.0,11.0,102.0,24.0,15.0,13.0,84.0,9.0,46.0,-173.01511879049676,7.0734404096834265,1.3589109614346206,0.21294796373660727,Consumer Staples,Outperformed
583,5.0,7.0,177.0,35.0,12.0,11.0,17.0,3.0,108.0,782.1111111111111,4.0481245576786975,0.5622982205871312,0.020168556197912756,Industrials,Underperformed
584,9.0,0.0,62.0,40.0,23.0,18.0,15.0,11.0,46.0,-61.898491375489726,8.15612572562562,0.694343437453854,0.027825464399264043,Utilities,Neutral
585,41.0,24.0,132.0,44.0,10.0,9.0,26.0,14.0,95.0,-127.50862068965517,4.574246575342466,0.7045908183632734,0.11987453664100371,Materials,Underperformed
586,13.0,20.0,81.0,76.0,37.0,27.0,16.0,22.0,76.0,-77.74257425742574,4.958005249343832,0.7196230917993663,0.03573632884829033,Utilities,Underperformed
588,22.0,47.0,150.0,13.0,2.0,4.0,27.0,3.0,120.0,72.42228212039532,41.26670591698558,0.5566006736219502,0.09779840630904461,Energy,Outperformed
589,7.0,17.0,226.0,15.0,6.0,6.0,9.0,4.0,222.0,-24.783043614564207,169.02019475347498,0.2780981718800246,0.050384235725343375,Industrials,Underperformed
590,30.0,5.0,114.0,43.0,21.0,20.0,43.0,14.0,92.0,-153.4125,12.635208711433757,0.7155647731296474,0.08568971622236836,Materials,Underperformed
591,9.0,5.0,21.0,34.0,12.0,9.0,9.0,9.0,18.0,80.66192117488386,42.96931735363187,0.6000442713073167,0.036891758343355126,Consumer Discretionary,Outperformed
592,8.0,9.0,19.0,39.0,11.0,8.0,8.0,8.0,17.0,131.51839878292287,42.02842613655095,0.6146116584786578,0.03182236947918815,Consumer Discretionary,Underperformed
593,13.0,138.0,318.0,93.0,29.0,27.0,30.0,12.0,299.0,-80.72714518853608,1.5910011562846789,0.3354692636577592,0.0881070607389063,Health Care,Outperformed
596,31.0,108.0,233.0,42.0,18.0,17.0,43.0,12.0,198.0,-123.34264432029795,6.576478585995921,0.5729479620198256,0.132834214289157,Industrials,Underperformed
597,14.0,97.0,241.0,59.0,28.0,26.0,19.0,18.0,210.0,-331.44962181342794,7.470841117636737,0.4338981820043249,0.0769069966911443,Industrials,Outperformed
598,18.0,0.0,89.0,70.0,27.0,50.0,30.0,31.0,86.0,-383.2871082754738,33.92808334266831,0.6028045618157931,0.07287890408340231,Energy,Underperformed
600,11.0,6.0,87.0,33.0,20.0,16.0,16.0,11.0,72.0,-150.03030303030303,9.227146814404431,0.7034724699726483,0.031989535022000234,Utilities,Neutral
602,13.0,6.0,61.0,53.0,33.0,28.0,20.0,18.0,53.0,-655.8888888888889,8.91373801916933,0.7599858815224425,0.03182540149420554,Energy,Underperformed
603,3.0,6.0,49.0,55.0,27.0,12.0,10.0,4.0,40.0,37.12056737588652,7.605863192182411,0.801779910700726,0.00595328493758163,Energy,Outperformed
604,13.0,17.0,152.0,35.0,8.0,3.0,23.0,2.0,112.0,-278.794964028777,7.353522149600581,0.8537946989890861,0.01956445204446009,Materials,Neutral
605,87.0,2.0,96.0,46.0,12.0,11.0,126.0,8.0,57.0,-138.68231321337785,5.771546365019975,0.8253661200423691,0.151748879961136,Materials,Neutral
606,11.0,17.0,174.0,36.0,16.0,15.0,17.0,10.0,69.0,919.7704918032787,3.8448979591836734,0.44486876669389197,0.0623827288580826,Consumer Staples,Outperformed
609,10.0,8.0,65.0,40.0,20.0,16.0,14.0,11.0,43.0,-52.46306818181818,5.602336211274759,0.6967095240129284,0.02891802998590406,Utilities,Neutral
613,10.0,11.0,83.0,30.0,16.0,13.0,13.0,11.0,75.0,-250.79545454545453,19.416666666666668,0.7143577715568333,0.029305692164132053,Utilities,Underperformed
616,55.0,111.0,241.0,28.0,13.0,11.0,55.0,11.0,200.0,62.09954751131222,10.028426395939086,0.7016434892541087,0.1654024441635061,Information Technology,Underperformed
617,39.0,3.0,136.0,41.0,50.0,45.0,44.0,40.0,50.0,133.36164383561643,1.6492717054708108,0.6517084903615553,0.13586116724117436,Consumer Staples,Outperformed
618,18.0,271.0,480.0,45.0,25.0,25.0,22.0,20.0,389.0,-184.7983870967742,4.685376661742984,0.14842961866971552,0.153910821171565,Information Technology,Outperformed
619,20.0,1.0,21.0,89.0,34.0,36.0,31.0,23.0,20.0,-61.18181818181818,11.54054054054054,0.6876381909547739,0.06190954773869347,Energy,Underperformed
620,6.0,112.0,195.0,66.0,13.0,12.0,13.0,5.0,159.0,-108.70786516853933,2.0900503778337534,0.502575380519706,0.02980496556513687,Health Care,Neutral
623,7.0,27.0,68.0,40.0,18.0,14.0,7.0,12.0,59.0,185.93273542600897,12.330860534124628,0.4375362121873234,0.036766546734286594,Consumer Staples,Outperformed
624,21.0,84.0,158.0,54.0,18.0,18.0,29.0,13.0,154.0,27.04950495049505,32.973684210526315,0.4549808429118774,0.11717752234993614,Information Technology,Underperformed
625,20.0,140.0,288.0,53.0,39.0,19.0,29.0,13.0,210.0,-97.61429923073759,2.4070890531809686,1.2302995420349843,0.04542206662041236,Industrials,Outperformed
626,20.0,62.0,222.0,33.0,15.0,15.0,20.0,15.0,185.0,-65.78571428571429,5.3021868787276345,0.5530468439857086,0.08837832473203652,Information Technology,Neutral
628,9.0,25.0,122.0,44.0,15.0,12.0,10.0,11.0,87.0,-116.15955983493811,5.053831675181501,0.5204879107441642,0.0442078684591887,Health Care,Outperformed
631,19.0,29.0,148.0,12.0,4.0,4.0,33.0,2.0,77.0,4063.3,14.626076260762607,0.7299132860348069,0.05111879206840095,Energy,Outperformed
633,27.0,133.0,279.0,57.0,30.0,30.0,37.0,22.0,212.0,-266.2244897959184,3.149103139013453,0.4019111213446926,0.16238775040294728,Information Technology,Neutral
634,47.0,44.0,60.0,57.0,6.0,3.0,47.0,3.0,55.0,186.12918660287082,24.94144144144144,0.9345265746686706,0.030933187593933598,Industrials,Underperformed
636,15.0,3.0,137.0,100.0,13.0,11.0,25.0,7.0,127.0,-77.62031255912514,0.0,0.5837127719235612,0.060766222483111205,Health Care,Outperformed
639,24.0,42.0,117.0,75.0,36.0,35.0,39.0,22.0,98.0,-121.76649746192894,8.563202247191011,0.5954135797754525,0.09890781333537005,Industrials,Underperformed
641,17.0,158.0,300.0,38.0,14.0,14.0,25.0,9.0,206.0,-200.8464341488808,6.18644824827205,0.23727745278032644,0.1271196741961828,Consumer Discretionary,Neutral
642,20.0,22.0,134.0,29.0,17.0,15.0,28.0,11.0,102.0,521.6216216216217,5.351740382098927,0.6577747078043111,0.06819726772361467,Industrials,Underperformed
644,25.0,76.0,208.0,43.0,19.0,19.0,36.0,13.0,160.0,-40.93691275167785,3.0547250293135475,0.5185342940288149,0.12024579348224312,Health Care,Underperformed
645,64.0,25.0,133.0,53.0,30.0,25.0,94.0,17.0,112.0,-130.02830188679246,7.732860520094563,0.8386340955438886,0.10374452206360915,Consumer Discretionary,Underperformed
647,5.0,31.0,204.0,20.0,18.0,10.0,7.0,7.0,132.0,-119.20411656979059,7.478424755441201,0.4805809456097843,0.025484458152911227,Materials,Outperformed
651,69.0,379.0,420.0,89.0,119.0,127.0,68.0,127.0,412.0,78.13879913839526,1.9770163381742738,0.5395486917045127,-0.31634113297802396,Health Care,Outperformed
653,78.0,40.0,105.0,61.0,15.0,12.0,124.0,8.0,101.0,-46.29471766848816,43.30529054640069,0.9471317536196994,0.041377205351308594,Telecommunications Services,Neutral
654,23.0,354.0,485.0,59.0,26.0,25.0,26.0,22.0,443.0,-67.58430439952437,3.347453637949925,0.5110148166692045,0.11139471802905523,Health Care,Outperformed
655,18.0,132.0,227.0,29.0,12.0,12.0,20.0,11.0,195.0,-86.45714285714286,8.784665579119087,0.4295115813923479,0.10432931156848829,Information Technology,Underperformed
656,13.0,4.0,77.0,33.0,22.0,19.0,21.0,12.0,53.0,61.921933085501855,8.416874687968049,0.7014357598121436,0.03955048641395505,Utilities,Neutral
658,13.0,12.0,96.0,17.0,6.0,4.0,18.0,3.0,64.0,-220.8,6.0135036496350365,0.7102289771022897,0.0324967503249675,Consumer Discretionary,Underperformed
659,22.0,38.0,101.0,36.0,16.0,13.0,30.0,9.0,98.0,-52.223880597014926,84.9245283018868,0.7245621449030379,0.060947551298304925,Industrials,Neutral
660,24.0,9.0,74.0,41.0,21.0,47.0,41.0,28.0,65.0,-27.670289855072465,19.515151515151516,0.8260430086215439,0.04189872163313844,Energy,Underperformed
661,21.0,10.0,88.0,25.0,6.0,5.0,32.0,3.0,24.0,-841.5088339222615,7.982277408711935,0.627572026510249,0.07825114407255643,Consumer Staples,Outperformed
663,34.0,172.0,306.0,22.0,18.0,14.0,19.0,25.0,241.0,255.27586206896552,9.685714285714285,0.6001507727101395,0.13765548435733133,Real Estate,Underperformed
664,42.0,10.0,100.0,53.0,18.0,16.0,67.0,10.0,84.0,-21.124,8.291390728476822,0.8703378448186796,0.054654406446946996,Consumer Discretionary,Underperformed
665,2542.0,185.0,213.0,39.0,23.0,18.0,3332.0,13.0,207.0,142991.07894736843,45.91765780983897,1.0031754872992094,0.08071998456116672,Consumer Discretionary,Underperformed
666,11.0,52.0,120.0,76.0,34.0,33.0,18.0,21.0,108.0,-68.99997153673185,6.380385386500334,0.4831890657244115,0.05824261417247969,Energy,Underperformed
667,10.0,2.0,83.0,32.0,17.0,13.0,15.0,9.0,68.0,-70.22580044228643,13.314766160456678,0.7236183218714578,0.027634320189976243,Utilities,Neutral
669,19.0,7.0,82.0,32.0,9.0,13.0,30.0,8.0,56.0,126.39672867222579,15.998980693128672,0.5009942974537401,0.09304907394425639,Energy,Underperformed
670,14.0,23.0,185.0,55.0,15.0,14.0,17.0,11.0,126.0,405.9166666666667,3.4172048566261948,0.5004196707198967,0.06949316689981706,Health Care,Outperformed
671,9.0,23.0,146.0,32.0,6.0,6.0,11.0,5.0,131.0,291.64179104477614,14.233404710920771,0.6139272543206306,0.03662593101453467,Information Technology,Underperformed
672,16.0,73.0,229.0,39.0,12.0,11.0,20.0,9.0,175.0,-105.83783783783784,4.944444444444445,0.5599006828057107,0.06972894682391889,Industrials,Neutral
674,11.0,166.0,421.0,73.0,22.0,20.0,14.0,15.0,305.0,-115.67574257425743,1.0414816056314422,0.32181611099606544,0.074580658521433,Health Care,Underperformed
676,44.0,81.0,319.0,64.0,20.0,17.0,63.0,12.0,200.0,69.34782608695652,1.3320403413498836,0.8010018214936248,0.08849423193685489,Health Care,Outperformed
677,135.0,51.0,73.0,73.0,15.0,11.0,82.0,19.0,67.0,116.44886363636364,12.85747392815759,0.8836104513064132,0.15718269131467522,Industrials,Neutral
678,130.0,77.0,150.0,80.0,33.0,29.0,168.0,23.0,134.0,-21.24442379182156,2.6178010471204187,0.925636192271442,0.09696512723845428,Health Care,Neutral
679,22.0,10.0,94.0,3.0,0.0,0.0,44.0,0.0,49.0,-91.94106477377159,13.575726692126185,0.977957071960351,-0.004940996636195668,Health Care,Underperformed
680,21.0,67.0,154.0,57.0,14.0,16.0,15.0,22.0,126.0,-119.32748538011695,3.3655252020007693,0.4857565398695663,0.10723204111814193,Health Care,Underperformed
681,10.0,49.0,162.0,6.0,3.0,3.0,13.0,3.0,101.0,74.15334063526835,7.725585345141332,0.5538760365565156,0.046044276215852775,Consumer Staples,Outperformed
683,9.0,14.0,92.0,43.0,21.0,16.0,14.0,10.0,66.0,73.46987951807229,6.507434944237918,0.706175972927242,0.026903553299492386,Utilities,Outperformed
690,10.0,13.0,113.0,33.0,12.0,10.0,11.0,9.0,82.0,-415.4910104688211,4.824705933229545,0.66153018601949,0.034831566547901024,Materials,Outperformed
691,35.0,74.0,92.0,65.0,23.0,23.0,54.0,15.0,89.0,119.1063829787234,37.94117647058823,0.6309505587019746,0.12980254094596663,Industrials,Neutral
693,601.0,45.0,164.0,42.0,17.0,10.0,818.0,7.0,119.0,-153.1925925925926,5.874571288584027,0.9886875828546178,0.06800707026071587,Industrials,Underperformed
694,2.0,195.0,341.0,91.0,21.0,19.0,6.0,6.0,300.0,-22.448275862068964,0.803448275862069,0.36939757196304496,0.010994884324654501,Health Care,Underperformed
695,18.0,37.0,158.0,36.0,23.0,20.0,25.0,15.0,108.0,-568.1622587562545,4.955340741878235,0.5116495836915731,0.08865726465332138,Industrials,Underperformed
697,25.0,362.0,445.0,80.0,39.0,37.0,28.0,32.0,416.0,-51.576190476190476,1.735934291581109,0.6069504121821159,0.09711822418788227,Health Care,Underperformed
700,4.0,58.0,105.0,33.0,2.0,1.0,12.0,1.0,75.0,-60.97207977207977,6.995118617592502,0.7932877198943581,0.009205059693885432,Consumer Discretionary,Neutral
701,19.0,1.0,91.0,16.0,4.0,3.0,31.0,2.0,21.0,-227.2549019607843,4.872785160575858,0.7539536247669718,0.04635428667183344,Consumer Discretionary,Underperformed
704,917.0,80.0,204.0,68.0,437.0,442.0,1100.0,369.0,173.0,9.627450980392156,3.6228070175438596,0.8638148816473835,-1.24869971340622,Energy,Outperformed
706,18.0,6.0,77.0,30.0,17.0,18.0,24.0,13.0,59.0,354.6559139784946,10.548799027059896,0.5818166084975049,0.07372003807436038,Materials,Outperformed
707,24.0,175.0,382.0,32.0,20.0,19.0,33.0,14.0,297.0,-249.71748878923768,4.44846208030054,0.5657915906896922,0.10236780006435697,Information Technology,Outperformed
708,3.0,37.0,153.0,20.0,3.0,1.0,2.0,1.0,87.0,106.29245283018868,5.249564206856479,0.6702255803766973,-0.008815155497152869,Industrials,Outperformed
709,11.0,70.0,130.0,66.0,28.0,24.0,14.0,19.0,125.0,-116.6,12.3828125,0.4709855091469412,0.058487968002098226,Information Technology,Underperformed
711,9.0,4.0,43.0,56.0,34.0,25.0,15.0,15.0,40.0,-37.607142857142854,36.94736842105263,0.7064555420219245,0.027608607389362567,Utilities,Outperformed
713,82.0,24.0,135.0,15.0,8.0,7.0,113.0,5.0,42.0,-106.55654101995566,1.7370548278561906,0.9328976357935768,0.05482586221506652,Industrials,Neutral
714,11.0,128.0,205.0,42.0,5.0,4.0,5.0,10.0,177.0,-2492.0,3.6296758104738154,0.5782598331346841,0.046150178784266985,Health Care,Outperformed
716,9.0,82.0,156.0,62.0,25.0,10.0,24.0,4.0,123.0,-189.77777777777777,3.145274353396181,0.6995664739884393,0.027952105697770437,Health Care,Outperformed
717,10.0,35.0,129.0,46.0,10.0,7.0,10.0,7.0,84.0,-5141.0,2.851965288412455,0.7294357579877634,0.026248206057859356,Health Care,Outperformed
718,12.0,84.0,334.0,8.0,15.0,17.0,16.0,12.0,229.0,8.101904271744724,4.94172094617758,0.32317275747508306,-0.0816860465116279,Energy,Outperformed
719,38.0,133.0,260.0,88.0,45.0,44.0,51.0,33.0,225.0,-5125.619047619048,1.388403850458921,0.5194618760510233,0.1818526721627497,Health Care,Underperformed
721,22.0,10.0,102.0,19.0,8.0,4.0,28.0,4.0,60.0,229.79885057471265,7.190894924309884,0.8720159558146671,0.028730694487061472,Materials,Underperformed
722,11.0,53.0,130.0,76.0,11.0,13.0,15.0,9.0,115.0,-17.579617834394906,3.2014742014742015,0.5506488597706942,0.04929444374448784,Health Care,Underperformed
723,4.0,13.0,143.0,71.0,4.0,9.0,10.0,3.0,101.0,-439.8235294117647,2.138779527559055,0.6514641813268627,-0.013180389345392379,Health Care,Outperformed
724,17.0,25.0,133.0,21.0,12.0,11.0,25.0,8.0,102.0,-98.08312958435208,8.73424543946932,0.5973463861223473,0.06908233907792016,Consumer Discretionary,Underperformed
727,19.0,27.0,126.0,6.0,2.0,2.0,31.0,1.0,73.0,-117.85172413793103,10.511236564976658,0.792449074381262,0.040309203105301575,Health Care,Underperformed
728,17.0,25.0,128.0,27.0,8.0,7.0,23.0,5.0,91.0,61.532722513089006,3.5188659793814434,0.8109698501442394,0.03206453754052743,Industrials,Outperformed
732,27.0,333.0,477.0,95.0,24.0,22.0,34.0,17.0,455.0,-30.377420413521495,0.9474515110509698,0.7804883475990565,0.0594116687187551,Health Care,Underperformed
733,16.0,25.0,93.0,36.0,28.0,25.0,26.0,15.0,66.0,-897.5625,8.596513075965131,0.6832379561814599,0.05219445949022286,Materials,Underperformed
735,20.0,38.0,104.0,45.0,20.0,19.0,31.0,12.0,72.0,101.33731343283583,6.872262773722627,0.5247245648241678,0.09640818435951044,Consumer Staples,Neutral
741,463.0,27.0,124.0,59.0,17.0,17.0,924.0,9.0,91.0,-213.78666666666666,5.622881355932203,1.025004181301221,0.115738417795618,Consumer Staples,Underperformed
742,492.0,27.0,102.0,44.0,18.0,16.0,781.0,10.0,74.0,942.5,8.285714285714286,0.9716618635926993,0.13928914505283382,Consumer Staples,Outperformed
745,22.0,237.0,291.0,26.0,17.0,17.0,36.0,11.0,286.0,-1284.595605022831,221.1617363557801,0.21911102336603958,0.17452861692157182,Consumer Discretionary,Underperformed
746,19.0,48.0,209.0,26.0,11.0,11.0,27.0,7.0,138.0,185.53398058252426,5.231991134096786,0.5106382978723404,0.09244086163605128,Industrials,Outperformed
747,14.0,12.0,101.0,34.0,18.0,12.0,20.0,8.0,67.0,53.8,5.502570694087404,0.804177545691906,0.02645450514803685,Utilities,Neutral
749,20.0,43.0,109.0,31.0,13.0,15.0,33.0,9.0,95.0,21.408695652173915,14.723342939481268,0.8377706946657917,-0.03243648635980126,Utilities,Outperformed
751,6.0,0.0,61.0,57.0,7.0,14.0,9.0,8.0,54.0,12.073643755671405,34.07789313156197,0.6181629483956268,-0.021644467140095238,Energy,Outperformed
752,37.0,12.0,157.0,31.0,19.0,18.0,51.0,13.0,68.0,-114.0,1.9901315789473684,0.7432913472070098,0.09392113910186199,Industrials,Neutral
753,17.0,74.0,145.0,72.0,30.0,27.0,27.0,17.0,128.0,79.26845637583892,9.40857142857143,0.6646423945891495,0.0566412433443661,Industrials,Outperformed
756,16.0,52.0,100.0,81.0,11.0,10.0,16.0,10.0,100.0,-453.306670357044,58.394069004847445,0.6390599242764129,0.05841060942288794,Information Technology,Outperformed
757,14.0,11.0,126.0,17.0,6.0,6.0,23.0,3.0,65.0,96.16687578419072,9.053781872723377,0.5976070188344494,0.056654802730508345,Consumer Staples,Underperformed
758,3.0,43.0,134.0,29.0,3.0,4.0,3.0,4.0,110.0,-2202.1186440677966,14.648721187243448,0.42610192293961363,0.017237686159118838,Energy,Outperformed
760,15.0,8.0,52.0,47.0,30.0,24.0,22.0,16.0,35.0,39.73809523809524,4.600148367952523,0.7846148613024474,0.03229756620235726,Utilities,Neutral
761,42.0,31.0,52.0,58.0,19.0,18.0,66.0,11.0,48.0,-726.8571428571429,24.527977044476327,0.7957992998833139,0.08518086347724621,Industrials,Underperformed
762,20.0,60.0,169.0,40.0,12.0,10.0,26.0,8.0,109.0,-56.09375,2.4612377850162868,0.7572511295729486,0.04744206383909051,Materials,Neutral
764,15.0,11.0,128.0,38.0,19.0,15.0,24.0,9.0,121.0,-28.599236641221374,55.44047619047619,0.5298132905039149,0.07117044770126481,Health Care,Outperformed
766,14.0,13.0,127.0,52.0,17.0,16.0,14.0,16.0,93.0,-394.6852207293666,4.677197671089052,0.5087262713024292,0.06962353438872552,Industrials,Neutral
768,64.0,14.0,130.0,20.0,11.0,10.0,67.0,10.0,100.0,-73.26086956521739,10.29212531752752,0.8120771736406915,0.12110582143155434,Consumer Discretionary,Underperformed
771,24.0,26.0,177.0,37.0,13.0,12.0,22.0,13.0,118.0,183.4663730351303,5.46543072257269,0.5765114089162122,0.10107149878760076,Industrials,Outperformed
772,35.0,58.0,115.0,59.0,21.0,19.0,54.0,12.0,102.0,-251.28,12.24401913875598,0.7538617657007555,0.08614274439057391,Consumer Staples,Underperformed
773,7.0,8.0,73.0,41.0,23.0,18.0,10.0,12.0,40.0,65.34540389972145,3.6031496062992128,0.6721004325002476,0.023242761398527517,Utilities,Neutral
774,6.0,79.0,188.0,29.0,8.0,5.0,15.0,2.0,180.0,-81.0191116127591,52.942659302168934,0.7369261202141522,0.014568394331584739,Health Care,Underperformed
776,29.0,110.0,135.0,68.0,21.0,20.0,30.0,19.0,134.0,-83.61111111111111,39.69444444444444,0.5061005368472425,0.142345859768993,Information Technology,Neutral
778,15.0,2.0,93.0,47.0,12.0,10.0,19.0,7.0,64.0,-564.3791666666667,5.203500936464486,0.6293310159481164,0.05375582699002773,Materials,Underperformed
779,9.0,20.0,81.0,44.0,19.0,14.0,14.0,10.0,74.0,181.94202898550725,20.17142857142857,0.7140353183471364,0.02613820603829806,Utilities,Neutral
781,10.0,3.0,54.0,37.0,17.0,14.0,14.0,10.0,48.0,235.18367346938774,27.176029962546817,0.7740409461339693,0.02220234545815941,Utilities,Outperformed
782,30.0,72.0,196.0,81.0,15.0,14.0,43.0,10.0,139.0,104.46124031007751,1.7277512748807369,0.5558108157386136,0.13235848253898796,Consumer Staples,Underperformed
783,22.0,14.0,140.0,27.0,14.0,12.0,29.0,9.0,68.0,84.63157894736842,4.778904665314402,0.7475498046249439,0.05432067132150407,Materials,Neutral
784,34.0,39.0,129.0,43.0,18.0,23.0,47.0,17.0,113.0,-67.42323651452283,7.305138339920949,0.6341452372328866,0.1237323433538573,Industrials,Outperformed
785,35.0,39.0,142.0,75.0,76.0,79.0,53.0,52.0,110.0,13.653358527748155,3.6360489869518395,0.5201883994079906,-0.1677284179524011,Energy,Outperformed
789,8.0,1.0,88.0,44.0,22.0,18.0,14.0,11.0,76.0,-199.88509184109355,13.124840999060854,0.6614744801957364,0.0287271459552616,Utilities,Neutral
792,13.0,10.0,143.0,31.0,11.0,10.0,14.0,9.0,93.0,4171.0,6.152389151958674,0.509168251103735,0.06377493474267668,Industrials,Outperformed
793,2.0,44.0,132.0,35.0,3.0,7.0,9.0,1.0,96.0,431.09488149174376,6.826886260306626,0.7926702844880118,-0.0035104622791047087,Utilities,Neutral
794,20.0,257.0,430.0,75.0,25.0,25.0,25.0,20.0,359.0,-65.10966057441253,1.8158281847602236,0.38336659029882,0.12191757199517159,Health Care,Outperformed
795,9.0,74.0,168.0,27.0,15.0,11.0,13.0,8.0,151.0,98.81543624161074,13.669220945083014,0.7275643713830412,0.023788056697139983,Utilities,Outperformed
799,26.0,43.0,125.0,12.0,5.0,7.0,36.0,5.0,114.0,-41.97530171204041,15.796249549224667,0.8726597754807158,0.03277981549405357,Consumer Discretionary,Underperformed
800,29.0,35.0,446.0,50.0,21.0,21.0,46.0,13.0,201.0,-187.75169836956522,2.102628706079191,0.2887202256144416,0.2038968403079691,Industrials,Neutral
802,13.0,31.0,187.0,35.0,11.0,10.0,19.0,7.0,114.0,-663.6811594202899,5.395068394528438,0.49762226868363874,0.06456770384946502,Industrials,Underperformed
803,155.0,5.0,173.0,80.0,84.0,88.0,179.0,77.0,62.0,19.52890528905289,5.957393483709273,0.8319342164587672,-0.2609871825149752,Materials,Outperformed
804,5.0,2.0,54.0,59.0,15.0,6.0,7.0,4.0,40.0,81.66304347826087,7.863694267515924,0.7619905340410447,0.011075555214900263,Utilities,Underperformed
805,28.0,103.0,157.0,83.0,29.0,29.0,43.0,19.0,153.0,-49.63347983453981,9.854405789364415,0.43055239610948454,0.1578582271254903,Information Technology,Neutral
808,15.0,81.0,220.0,48.0,20.0,20.0,19.0,16.0,153.0,55.101811876282824,2.0440660201683065,0.31453000332446807,0.10043467420212766,Information Technology,Outperformed
810,16.0,27.0,184.0,33.0,12.0,9.0,25.0,6.0,110.0,90.42306853551675,3.087404639576522,0.6654102059226323,0.053741705160584234,Industrials,Neutral
811,26.0,5.0,204.0,33.0,2.0,4.0,7.0,15.0,149.0,23.254080908445705,2.750687328167958,0.7050696343603282,0.07730125357656618,Materials,Outperformed
813,10.0,190.0,348.0,26.0,14.0,15.0,9.0,15.0,309.0,-10.517423271778355,6.991483187180619,0.24162985518287786,0.07468511197757455,Information Technology,Underperformed
815,28.0,22.0,117.0,19.0,13.0,13.0,38.0,9.0,90.0,52.10099337748344,7.527926322043969,0.6644060380660687,0.09266493733787542,Industrials,Outperformed
816,98.0,148.0,250.0,88.0,68.0,66.0,117.0,55.0,231.0,-23.363636363636363,2.0491048593350385,0.6424699550531453,0.3493122938328286,Health Care,Underperformed
817,7.0,163.0,294.0,40.0,15.0,16.0,8.0,15.0,245.0,56.24074074074074,3.940794223826715,0.34139587057875,0.04693798857222982,Information Technology,Outperformed
819,22.0,5.0,141.0,30.0,7.0,7.0,36.0,5.0,65.0,7740.650455927052,3.5747711807400484,0.6136702922648163,0.0866411099833255,Consumer Discretionary,Neutral
820,8.0,30.0,124.0,26.0,9.0,4.0,16.0,2.0,74.0,-530.4193548387096,4.936688311688312,0.7608443658105057,0.018729790738820085,Consumer Discretionary,Underperformed
821,34.0,16.0,170.0,42.0,13.0,13.0,55.0,8.0,91.0,-3232.863533225284,4.060280997357474,0.6130541478774718,0.1312782798188043,Industrials,Neutral
822,4.0,189.0,376.0,11.0,1.0,4.0,6.0,3.0,320.0,16.098773841961854,7.054126294687604,0.5814520058470034,-0.018163607817660115,Energy,Outperformed
823,14.0,31.0,137.0,30.0,8.0,7.0,19.0,6.0,103.0,-44.52068972999559,6.254837984122819,0.595183518300687,0.05841899793723043,Consumer Discretionary,Underperformed
825,28.0,13.0,167.0,83.0,15.0,10.0,52.0,5.0,141.0,-9.644628099173554,4.612925642807506,1.2320730515514293,0.0650195455655998,Health Care,Neutral
828,16.0,103.0,168.0,50.0,58.0,64.0,22.0,46.0,152.0,7.890606420927467,8.328320802005013,0.4330750109665156,-0.08936979090510308,Energy,Outperformed
831,26.0,41.0,109.0,31.0,18.0,17.0,36.0,12.0,85.0,182.84834123222748,6.051357466063348,0.6292683915970476,0.09668261821721146,Industrials,Neutral
832,9.0,223.0,413.0,46.0,21.0,21.0,14.0,13.0,376.0,12.206212551732659,13.252394177733175,0.31500206653139773,0.05882366932587423,Energy,Outperformed
834,10.0,21.0,140.0,34.0,14.0,9.0,14.0,7.0,95.0,-299.0,3.298522167487685,0.7408394911251619,0.025443741905995278,Information Technology,Neutral
836,51.0,16.0,83.0,46.0,14.0,12.0,90.0,7.0,49.0,-302.2351063829787,5.331705660678855,0.8132620284033425,0.095979676560628,Consumer Staples,Neutral
838,92.0,24.0,124.0,50.0,19.0,20.0,112.0,16.0,120.0,100.66625615763547,26.471308833010962,0.8709262862572967,0.11937191728132494,Information Technology,Outperformed
839,228.0,40.0,96.0,56.0,19.0,17.0,325.0,12.0,74.0,-31.947110207012084,3.7685256284653637,1.0570341689757172,0.13022299088877032,Health Care,Outperformed
840,26.0,25.0,196.0,45.0,19.0,18.0,34.0,14.0,117.0,-32.96394146894627,2.8379220364708098,0.5714067673549102,0.11265677340093415,Materials,Underperformed
842,24.0,27.0,165.0,31.0,9.0,6.0,33.0,4.0,108.0,3195.0,6.942549371633752,0.8730179488017785,0.03066662307516265,Materials,Outperformed
844,14.0,317.0,446.0,66.0,31.0,32.0,18.0,25.0,412.0,-30.106060606060606,4.803454437164979,0.11978073482363011,0.11998451286858354,Health Care,Neutral
845,36.0,130.0,284.0,41.0,21.0,20.0,52.0,14.0,238.0,-319.1666666666667,7.263351749539595,0.6676203191556996,0.12073240511157735,Industrials,Outperformed
847,33.0,1.0,161.0,41.0,12.0,11.0,53.0,7.0,157.0,-8283.32797858099,158.06036824630243,0.6424231974826807,0.11748305476016253,Industrials,Outperformed
852,87.0,238.0,390.0,57.0,24.0,15.0,103.0,13.0,328.0,-23.743241646979413,1.966695473730547,0.9126734454866668,0.07587175498113141,Information Technology,Outperformed
854,1.0,7.0,69.0,55.0,17.0,5.0,2.0,2.0,59.0,37.704188481675395,15.852579852579852,0.5824336535717682,0.0030081803481403976,Energy,Outperformed
856,12.0,18.0,71.0,69.0,33.0,28.0,17.0,20.0,53.0,201.56666666666666,5.505438723712835,0.5307157415178037,0.05796667066299005,Industrials,Neutral
857,30.0,36.0,187.0,24.0,12.0,11.0,41.0,8.0,115.0,-238.85365853658536,5.933412604042807,0.6301051354630004,0.11093139237093948,Industrials,Outperformed
858,9.0,42.0,157.0,33.0,12.0,8.0,15.0,5.0,145.0,-97.85907553551297,30.24502617801047,0.6523341091430701,0.030720659274207723,Health Care,Underperformed
859,14.0,12.0,311.0,39.0,10.0,9.0,21.0,6.0,104.0,489.16165669205657,2.8004872307510444,0.4485177245731419,0.07493541332726139,Consumer Discretionary,Neutral
860,6.0,7.0,147.0,9.0,5.0,3.0,7.0,2.0,135.0,209.32,28.756756756756758,0.6396359122879602,-0.01985932974762102,Industrials,Outperformed
861,17.0,54.0,153.0,75.0,14.0,14.0,19.0,12.0,111.0,-65.54581280788177,1.4618375993963666,0.589801765025064,0.0677108372763847,Health Care,Underperformed
862,116.0,8.0,105.0,11.0,12.0,11.0,139.0,9.0,70.0,-158.34375,7.479560074704295,0.9371856238844718,0.0731177997728379,Industrials,Neutral
863,10.0,0.0,61.0,33.0,18.0,14.0,12.0,12.0,44.0,164.32323232323233,9.716331096196868,0.6859514053396504,0.031083936231512902,Utilities,Outperformed
865,30.0,41.0,54.0,70.0,21.0,18.0,47.0,11.0,50.0,-225.22727272727272,19.372990353697748,0.6547484984984985,0.10233671171171171,Industrials,Outperformed
867,68.0,46.0,225.0,22.0,19.0,19.0,95.0,14.0,132.0,41.967948717948715,6.339916070106146,0.7121764731730896,0.19668673375225204,Materials,Underperformed
872,263.0,61.0,138.0,32.0,13.0,10.0,510.0,5.0,110.0,-68.67307692307692,7.116448326055313,1.023834745762712,0.06267655367231638,Industrials,Neutral
873,14.0,54.0,194.0,49.0,9.0,8.0,18.0,6.0,159.0,-41.851275879024506,4.929619537003783,0.5981414652824207,0.05637624492784565,Consumer Discretionary,Underperformed
874,64.0,260.0,327.0,39.0,28.0,26.0,92.0,18.0,323.0,-140.71428571428572,156.08191808191808,0.8131749374649105,0.11938469162095697,Consumer Discretionary,Underperformed
875,18.0,553.0,753.0,57.0,20.0,16.0,17.0,17.0,674.0,-135.09318567922986,3.283064239093095,0.57231191246996,0.07718702210318837,Information Technology,Underperformed
876,18.0,16.0,109.0,6.0,2.0,1.0,33.0,1.0,67.0,-63.4686281460475,11.725937325125908,0.8514757750139224,0.02739929459810655,Health Care,Underperformed
878,26.0,17.0,82.0,39.0,30.0,27.0,28.0,25.0,58.0,673.5454545454545,6.946722882330395,0.5542542526613943,0.11563738204732428,Consumer Staples,Underperformed
880,13.0,3.0,100.0,30.0,10.0,9.0,15.0,8.0,50.0,-561.1877216157965,3.522075512550583,0.5117687302536902,0.06188689128661956,Consumer Discretionary,Neutral
881,103.0,136.0,208.0,64.0,24.0,21.0,138.0,16.0,169.0,391.47115384615387,3.0012373685295937,1.158150121307621,0.1634526400040019,Consumer Staples,Underperformed
882,7.0,46.0,295.0,20.0,14.0,12.0,10.0,8.0,167.0,287.55950930213663,6.006303009116662,0.4172019261873338,0.04148278043452405,Materials,Outperformed
884,42.0,27.0,154.0,49.0,23.0,23.0,60.0,16.0,105.0,-521.9655172413793,4.372654917566799,0.6524343885898488,0.1469756409086762,Industrials,Outperformed
885,11.0,568.0,697.0,60.0,33.0,33.0,19.0,20.0,666.0,-35.481930380159255,6.983448735275844,0.15255509552192886,0.09633740832243648,Consumer Staples,Underperformed
886,182.0,33.0,86.0,44.0,33.0,32.0,280.0,21.0,57.0,8478.0,7.050713934022649,0.9114799446749654,0.16108805901337023,Consumer Staples,Neutral
887,10.0,62.0,202.0,19.0,14.0,12.0,12.0,11.0,126.0,-146.54530477759474,4.590598017268948,0.45186463095546164,0.05752896863049541,Materials,Underperformed
888,22.0,18.0,149.0,22.0,6.0,6.0,33.0,4.0,67.0,55.76702786377709,10.696842105263158,0.6929838803200742,0.06614867215586223,Energy,Underperformed
889,10.0,70.0,155.0,62.0,18.0,14.0,12.0,11.0,131.0,-82.2875,3.177446808510638,0.561048939368632,0.04364358069935841,Health Care,Neutral
890,12.0,71.0,150.0,69.0,55.0,54.0,16.0,40.0,132.0,6.758873929008568,5.412140575079873,0.42579926340874624,-0.06821206400297113,Energy,Outperformed
891,15.0,194.0,247.0,65.0,19.0,20.0,23.0,13.0,241.0,64.27197802197803,11.384562370778774,0.5409979824842954,0.06988513916273098,Information Technology,Neutral
893,61.0,18.0,142.0,56.0,20.0,19.0,80.0,15.0,104.0,1474.1212307692308,4.867242272008508,0.7037479553011609,0.1800712997011741,Health Care,Outperformed
894,24.0,90.0,220.0,32.0,19.0,16.0,21.0,18.0,160.0,41.20101781170484,4.691025641025641,0.4904527192146792,0.12007621256678955,Information Technology,Underperformed
899,12.0,6.0,67.0,51.0,26.0,23.0,18.0,16.0,55.0,194.2888888888889,6.8276409849086575,0.7263060900350392,0.03336606893876017,Utilities,Neutral
902,244.0,1.0,97.0,68.0,325.0,318.0,359.0,216.0,91.0,18.759036144578314,14.617647058823529,0.7107802013422819,-0.7051174496644296,Energy,Outperformed
904,5.0,49.0,278.0,21.0,3.0,4.0,4.0,5.0,168.0,9.00366076876144,2.499786233433091,0.38697848456501405,-0.028774555659494855,Energy,Neutral
905,13.0,49.0,113.0,65.0,27.0,23.0,20.0,15.0,100.0,96.43119266055047,13.512915129151292,0.6429889569114502,0.04557837077828876,Industrials,Outperformed
906,16.0,197.0,250.0,63.0,12.0,12.0,21.0,9.0,245.0,81.64,15.684931506849315,0.6368471439208595,0.05956813104988831,Information Technology,Underperformed
908,5.0,147.0,415.0,10.0,5.0,4.0,9.0,2.0,261.0,25.0794078924284,6.925379548475747,0.479531906439953,0.025098174444098023,Materials,Outperformed
909,19.0,14.0,125.0,39.0,10.0,6.0,19.0,6.0,89.0,-175.0207100591716,5.002909393183708,0.7495328386919483,0.04809013465237703,Consumer Discretionary,Underperformed
912,73.0,6.0,60.0,27.0,13.0,7.0,155.0,3.0,47.0,49.43111473343054,27.546889344662564,0.9782600293368343,0.015860108735460985,Energy,Outperformed
914,47.0,4.0,99.0,52.0,19.0,18.0,74.0,12.0,12.0,-333.920445972001,1.4458416238599932,0.7062442973188487,0.13947282812845418,Consumer Discretionary,Neutral
915,32.0,64.0,137.0,53.0,78.0,78.0,40.0,63.0,123.0,8.721174004192871,5.886409736308316,0.4394180076892971,-0.1802380459055644,Energy,Neutral
917,228.0,34.0,102.0,56.0,17.0,17.0,342.0,11.0,98.0,43.23051457706574,17.546958029361434,0.9708991116447517,0.06642441164660792,Industrials,Underperformed
918,23.0,110.0,171.0,18.0,11.0,13.0,34.0,9.0,146.0,-111.0725758477097,19.19912115505336,0.5497494054893936,0.07598366635401567,Industrials,Outperformed
919,5.0,6.0,91.0,24.0,9.0,5.0,5.0,5.0,84.0,-95.10169491525424,28.95899772209567,0.7338773444665845,0.014043078090900465,Utilities,Neutral
922,11.0,79.0,149.0,80.0,24.0,18.0,14.0,14.0,123.0,2326.2380952380954,1.2841740982297352,0.6135256180580437,0.041562164098889284,Health Care,Underperformed
925,20.0,81.0,232.0,24.0,12.0,11.0,28.0,8.0,176.0,88.78218174452958,7.42449012233373,0.5843171449275292,0.08242664351221839,Industrials,Underperformed
927,52.0,22.0,103.0,24.0,14.0,13.0,73.0,9.0,48.0,114.23183925811438,6.665761831700697,1.3900341618565202,0.20240899988220049,Consumer Staples,Underperformed
929,2.0,8.0,187.0,34.0,3.0,1.0,2.0,1.0,108.0,132.1516393442623,3.6304181214340456,0.6619043602934975,-0.00644345112591718,Industrials,Neutral
930,10.0,3.0,62.0,44.0,24.0,20.0,15.0,13.0,42.0,-194.99291531853174,7.036287513708736,0.6949801500613045,0.029095654333323263,Utilities,Outperformed
931,28.0,31.0,143.0,44.0,12.0,12.0,36.0,10.0,108.0,-98.44,4.946353224834238,0.7081869290231905,0.08233778402436168,Materials,Underperformed
932,7.0,22.0,68.0,78.0,37.0,27.0,21.0,9.0,59.0,75.93069306930693,4.812324929971989,0.7476145645148978,0.017353248008956514,Utilities,Underperformed
934,18.0,41.0,163.0,22.0,4.0,6.0,26.0,4.0,117.0,46.488961953968996,22.344837503595052,0.5244956772334294,0.08701111568546727,Energy,Neutral
935,10.0,11.0,189.0,12.0,3.0,3.0,7.0,4.0,183.0,74.89156578843263,88.31468420003985,0.40817712638027537,0.06172846373377951,Industrials,Outperformed
936,35.0,8.0,139.0,45.0,22.0,20.0,49.0,14.0,111.0,10776.0,11.224105461393597,0.7604126862820023,0.08444784103935804,Materials,Neutral
938,15.0,4.0,65.0,23.0,8.0,7.0,24.0,5.0,62.0,-162.9812513949855,79.81873675951354,0.8185714233541321,0.02782613776845273,Industrials,Outperformed
939,17.0,129.0,359.0,90.0,31.0,30.0,34.0,15.0,330.0,-8.350737961951157,1.6460402887106103,0.3484130878003941,0.11339651126056581,Health Care,Underperformed
941,37.0,162.0,294.0,43.0,19.0,18.0,50.0,13.0,253.0,85.93869209809264,6.7303958177744585,0.6476337689509266,0.12921760582072542,Industrials,Outperformed
942,13.0,108.0,225.0,60.0,29.0,28.0,19.0,19.0,198.0,116.48928559815303,7.4670244590979,0.4788791511713043,0.06845417134416398,Industrials,Underperformed
943,26.0,0.0,125.0,45.0,74.0,89.0,38.0,60.0,115.0,18.26322947576657,19.537224914953185,0.6000513620880834,-0.10343214400051245,Energy,Outperformed
945,14.0,9.0,71.0,38.0,30.0,26.0,21.0,17.0,55.0,23.29787234042553,8.698717948717949,0.6825498658579261,0.043508690073486525,Utilities,Outperformed
947,43.0,19.0,123.0,37.0,11.0,6.0,81.0,3.0,86.0,191.5940054495913,6.726543583535109,0.9288183659689399,0.030438892640108035,Materials,Underperformed
948,121.0,10.0,124.0,49.0,14.0,14.0,178.0,9.0,77.0,-199.3793891653333,5.674921700882645,0.8501499087943327,0.18195362280305705,Materials,Underperformed
949,5.0,12.0,194.0,35.0,14.0,9.0,7.0,6.0,80.0,261.1330275229358,3.200412512891028,0.5783188447189447,0.020522066129963167,Consumer Staples,Neutral
952,11.0,15.0,71.0,44.0,24.0,21.0,17.0,14.0,50.0,71.97119341563786,5.086054950751685,0.717817104624735,0.03091243392323604,Utilities,Neutral
956,11.0,9.0,63.0,35.0,19.0,16.0,14.0,13.0,56.0,103.34343434343434,22.308724832214764,0.7130255164034022,0.032806804374240585,Utilities,Neutral
959,58.0,106.0,238.0,28.0,15.0,14.0,65.0,13.0,195.0,305.31111111111113,10.0,0.6934484509903505,0.17694261046216353,Information Technology,Underperformed
960,25.0,225.0,413.0,48.0,31.0,31.0,32.0,24.0,355.0,-14.664266426642664,6.360209033221351,0.15061569070280154,0.2146313921600258,Information Technology,Underperformed
962,17.0,116.0,227.0,66.0,19.0,17.0,20.0,14.0,180.0,-65.86754966887418,2.040268456375839,0.475374468347408,0.08870122665351661,Health Care,Outperformed
965,5.0,35.0,103.0,39.0,15.0,12.0,6.0,10.0,89.0,58.67598684210526,12.066369213608477,0.426292938426073,0.029284067675113837,Consumer Staples,Neutral
966,25.0,88.0,182.0,50.0,8.0,6.0,17.0,8.0,177.0,2530.0,25.591836734693878,0.6644268774703558,-0.08458498023715415,Information Technology,Underperformed
967,43.0,109.0,272.0,54.0,40.0,24.0,61.0,17.0,182.0,-106.50385553544731,2.1259179473825713,1.1250378284512101,0.05385543119015262,Industrials,Outperformed
968,25.0,93.0,221.0,33.0,14.0,13.0,16.0,20.0,175.0,-58.25238095238095,5.043962848297213,0.5344601486230511,0.11753849142746127,Information Technology,Neutral
971,9.0,11.0,138.0,46.0,14.0,11.0,9.0,12.0,90.0,-113.55689424364124,4.623939348295426,0.4778497884516618,0.0483112817628213,Health Care,Underperformed
974,30.0,37.0,170.0,22.0,10.0,9.0,50.0,5.0,79.0,45.00156739811912,9.759339704604692,0.6808106784227284,0.09429341170707813,Energy,Underperformed
976,30.0,126.0,277.0,58.0,33.0,32.0,42.0,23.0,211.0,168.83116883116884,3.2170313424009462,0.3871842267406038,0.1839802834257548,Information Technology,Outperformed
977,82.0,42.0,63.0,68.0,14.0,11.0,47.0,19.0,57.0,-2524.266666666667,16.43631436314363,0.7805731626734539,0.1796333912532733,Industrials,Outperformed
979,16.0,6.0,156.0,100.0,14.0,13.0,27.0,8.0,146.0,-197.3949229493168,0.0,0.5588958734447064,0.07063732800310729,Health Care,Underperformed
982,23.0,43.0,129.0,80.0,37.0,35.0,37.0,22.0,106.0,85.54117647058824,6.024456521739131,0.6208424908424909,0.0873992673992674,Industrials,Outperformed
984,28.0,31.0,118.0,28.0,13.0,12.0,24.0,14.0,82.0,-128.07762557077626,4.9700061462814995,0.6872799597640712,0.0869644735037264,Industrials,Neutral
986,24.0,61.0,174.0,41.0,18.0,18.0,32.0,13.0,129.0,-39.031486146095716,2.9650669278485147,0.5217257663397323,0.1149858887305446,Health Care,Outperformed
987,54.0,13.0,119.0,48.0,23.0,19.0,71.0,14.0,98.0,107.0,8.73791348600509,0.8402203856749312,0.08679944000361288,Consumer Discretionary,Underperformed
989,5.0,81.0,307.0,25.0,16.0,10.0,7.0,6.0,209.0,-81.16357556209088,7.389361892166778,0.4634563420782805,0.026642592685390053,Materials,Outperformed
993,59.0,221.0,278.0,88.0,45.0,54.0,59.0,54.0,267.0,-9.84611863000372,2.1765168598248468,0.6238439297683958,-0.2226337852033415,Health Care,Underperformed
995,109.0,14.0,64.0,60.0,25.0,21.0,172.0,14.0,60.0,-139.2804232804233,41.97843450479233,0.9328482668410726,0.07308289731850882,Telecommunications Services,Neutral
996,23.0,425.0,570.0,59.0,28.0,27.0,26.0,23.0,523.0,-40.938341885824244,3.1990281494979405,0.5176840505852282,0.10988252332045736,Health Care,Underperformed
997,16.0,163.0,263.0,29.0,11.0,11.0,17.0,10.0,221.0,31.816593886462883,7.566520467836257,0.3922874093605801,0.0965721819380356,Information Technology,Underperformed
998,7.0,2.0,81.0,33.0,21.0,18.0,12.0,11.0,56.0,70.54880952380952,5.748762736535662,0.7041341908758925,0.02181214912519758,Utilities,Neutral
1000,17.0,10.0,89.0,18.0,6.0,5.0,22.0,4.0,55.0,-234.73033707865167,6.567773959526537,0.7015255128879537,0.04118884797475013,Consumer Discretionary,Outperformed
1001,14.0,2.0,93.0,36.0,16.0,8.0,20.0,6.0,90.0,-72.81460674157303,89.46739130434783,0.7375656699563019,0.0369715716600383,Industrials,Outperformed
1002,9.0,4.0,61.0,53.0,3.0,23.0,28.0,8.0,56.0,188.71794871794873,27.03937007874016,0.8745818033455732,-0.011648306813545492,Energy,Outperformed
1003,4.0,10.0,192.0,19.0,8.0,7.0,6.0,5.0,111.0,104.85202639019792,5.1030664395229985,0.5407687093061753,0.020171524964134255,Materials,Underperformed
1005,10.0,116.0,248.0,20.0,13.0,7.0,10.0,7.0,184.0,416.5882352941176,10.024647887323944,0.6100432484382509,0.04052538843504725,Real Estate,Underperformed
1006,64.0,9.0,96.0,51.0,18.0,17.0,96.0,11.0,80.0,-16.234604105571847,9.152542372881356,0.9022231370934541,0.06298888431453273,Consumer Discretionary,Neutral
1007,174.0,198.0,226.0,38.0,16.0,7.0,258.0,5.0,219.0,86.70062325838633,33.9679432966856,1.0106421064146016,0.01855970281666703,Consumer Discretionary,Outperformed
1008,86.0,190.0,263.0,64.0,258.0,260.0,135.0,166.0,250.0,7.780539799356183,9.525165356639,0.4664265882120487,-0.4594347895575408,Energy,Outperformed
1009,9.0,2.0,72.0,36.0,18.0,14.0,14.0,9.0,57.0,79.05634237115547,11.557374166918617,0.7285541500916627,0.025208601474872888,Utilities,Neutral
1011,9.0,7.0,79.0,36.0,5.0,8.0,13.0,6.0,49.0,55.30434782608695,10.19329024315174,0.492778196806015,0.04795728683505663,Energy,Outperformed
1012,11.0,60.0,251.0,57.0,14.0,12.0,14.0,9.0,180.0,-2971.4444444444443,3.3992361927144534,0.46898634990574395,0.057053305775738715,Health Care,Underperformed
1013,5.0,26.0,127.0,29.0,2.0,2.0,5.0,3.0,109.0,44.22794117647059,13.569002123142251,0.6343635411210058,0.019099810613692227,Information Technology,Underperformed
1014,16.0,83.0,244.0,38.0,12.0,11.0,19.0,9.0,191.0,-152.20833333333334,5.193995381062356,0.552501610478849,0.07300837449001503,Industrials,Outperformed
1016,1.0,100.0,362.0,70.0,8.0,3.0,2.0,2.0,223.0,-106.9126559714795,0.7988110554101415,0.636734693877551,0.0054005400540054005,Health Care,Underperformed
1018,32.0,65.0,215.0,64.0,16.0,11.0,51.0,7.0,133.0,-82.15517241379311,1.1847307430129517,0.8650322254517882,0.04284089473019082,Health Care,Neutral
1021,10.0,3.0,68.0,34.0,14.0,10.0,12.0,8.0,63.0,-224.66071428571428,32.671875,0.7869485057668396,0.021759636410410326,Utilities,Outperformed
1023,16.0,86.0,537.0,57.0,18.0,17.0,25.0,11.0,156.0,-2723.796841349605,0.7299557720555655,0.43882181456967945,0.08986622326354773,Consumer Discretionary,Neutral
